iso3_country,1950,1951,1952,1953,1954,1955,1956,1957,1958,1959,1960,1961,1962,1963,1964,1965,1966,1967,1968,1969,1970,1971,1972,1973,1974,1975,1976,1977,1978,1979,1980,1981,1982,1983,1984,1985,1986,1987,1988,1989,1990,1991,1992,1993,1994,1995,1996,1997,1998,1999,2000,2001,2002,2003,2004,2005,2006,2007,2008,2009,2010,2011,2012,2013,2014,2015,2016,2017,2018,2019,2020,2021,2022,2023,2024,2025,2026,2027,2028,2029,2030,2031,2032,2033,2034,2035,2036,2037,2038,2039,2040,2041,2042,2043,2044,2045,2046,2047,2048,2049,2050
ABW,42.194,43.282,44.434,45.624,46.867,48.121,49.415,50.712,52.018,53.318,54.645,55.199,55.958,56.682,57.321,57.917,58.463,58.926,59.055,59.084,59.02,58.881,58.68,59.111,59.76,60.484,61.141,61.401,61.621,61.817,61.975,62.103,62.429,62.875,63.318,63.621,63.702,63.541,63.275,63.132,63.648,65.218,67.868,69.879,72.264,74.652,77.184,79.78,82.433,85.121,87.822,89.701,90.909,91.848,92.772,93.653,94.807,95.978,97.196,98.413,99.638,100.589,101.373,102.154,102.961,103.784,104.585,105.368,106.093,106.771,107.381,107.42,107.696,107.868,108.009,108.122,108.173,108.155,108.127,108.045,107.937,107.79,107.576,107.371,107.108,106.816,106.539,106.211,105.854,105.478,105.091,104.686,104.284,103.868,103.433,102.951,102.452,101.916,101.391,100.852,100.284
AFG,7726.586,7825.766,7932.912,8042.655,8150.741,8265.158,8388.801,8519.802,8656.868,8789.935,8948.604,9121.483,9306.683,9502.129,9706.845,9921.791,10150.226,10382.564,10629.354,10884.489,11150.329,11429.926,11705.409,12001.983,12314.016,12624.237,12923.671,13196.031,13485.482,13737.4,13573.734,12764.889,11110.273,10872.483,10963.481,11416.962,11436.742,11403.405,11372.232,11674.364,12073.812,12017.508,12460.25,14097.697,15788.647,16712.942,17418.729,18107.803,18796.38,19523.611,20251.958,20008.696,20559.918,22196.316,23269.782,23851.525,24957.609,25890.58,25929.124,27036.12,27896.081,28672.096,30023.32,31096.748,32148.66,33436.386,34227.141,35174.083,36203.786,37282.292,38429.95,39708.008,40292.816,40864.868,42044.654,43250.33,44437.893,45656.244,46861.567,48079.582,49371.851,50706.953,52045.049,53370.646,54717.862,56001.066,57293.399,58613.923,59944.165,61251.511,62637.433,64058.308,65419.378,66701.061,68049.266,69358.651,70683.748,72085.638,73426.983,74792.486,76238.717
AGO,4524.379,4579.359,4625.764,4677.611,4735.107,4798.327,4867.201,4941.34,5019.944,5102.324,5187.881,5275.427,5327.74,5380.879,5435.761,5492.613,5551.349,5611.424,5672.19,5733.209,5794.161,5911.415,6070.789,6277.736,6499.32,6727.414,6958.479,7190.85,7444.809,7708.658,7985.756,8281.987,8589.227,8914.07,9251.895,9599.94,9958.299,10320.6,10675.115,11047.467,11429.657,11823.062,12223.995,12623.43,13030.839,13468.69,13930.866,14411.08,14909.745,15408.995,15925.474,16464.263,17030.152,17625.247,18262.177,18938.669,19643.652,20386.906,21170.217,21987.093,22842.454,23747.196,24689.507,25665.281,26665.959,27655.58,28660.016,29706.124,30763.554,31830.756,32920.509,33981.756,35083.102,36186.956,37312.856,38458.843,39621.234,40809.125,42021.124,43262.228,44521.473,45799.443,47100.486,48418.533,49764.415,51130.496,52512.94,53918.938,55332.804,56774.756,58229.076,59701.567,61180.79,62675.037,64186.718,65703.879,67224.778,68776.418,70331.922,71905.646,73497.124
AIA,4.89,5.114,5.307,5.431,5.575,5.713,5.769,5.792,5.8,5.789,5.765,5.798,5.847,5.903,5.944,5.995,6.04,6.103,6.157,6.209,6.267,6.33,6.38,6.426,6.468,6.489,6.509,6.532,6.553,6.569,6.584,6.592,6.616,6.639,6.655,6.829,7.08,7.358,7.633,7.932,8.248,8.55,8.855,9.109,9.347,9.587,9.841,10.114,10.393,10.68,11.002,11.351,11.592,11.781,11.968,12.167,12.366,12.573,12.779,13.0,13.227,13.462,13.677,13.081,13.423,14.034,14.385,14.256,14.594,14.848,14.799,14.887,14.062,14.297,14.523,14.674,14.782,14.852,14.896,14.933,14.962,14.993,15.014,15.042,15.05,15.075,15.09,15.088,15.068,15.051,15.021,15.006,14.995,14.989,14.958,14.921,14.864,14.81,14.716,14.657,14.592
ALB,1234.474,1261.228,1291.503,1325.217,1361.934,1400.24,1437.459,1476.181,1519.731,1568.226,1621.796,1676.978,1720.603,1766.863,1815.707,1867.176,1921.448,1978.641,2038.4,2099.282,2154.468,2207.971,2262.013,2316.518,2371.692,2427.11,2482.608,2538.552,2594.647,2654.595,2708.174,2762.658,2818.168,2875.647,2934.613,2995.303,3057.18,3118.124,3179.553,3246.285,3274.462,3281.47,3283.735,3281.267,3274.382,3264.437,3252.697,3238.659,3220.66,3199.605,3177.586,3154.709,3141.178,3127.006,3109.169,3088.146,3064.172,3037.445,3008.329,2977.532,2945.427,2912.016,2910.992,2909.016,2906.129,2901.37,2895.894,2899.839,2896.646,2891.816,2878.203,2865.704,2833.567,2821.649,2801.661,2781.868,2761.147,2740.903,2721.547,2701.774,2682.047,2661.723,2642.024,2622.295,2601.802,2580.832,2560.328,2539.049,2517.424,2495.766,2472.981,2450.751,2428.288,2406.239,2384.092,2362.43,2340.131,2317.774,2295.955,2273.728,2251.369
AND,5.948,6.044,5.593,5.318,5.328,5.876,6.455,7.074,7.725,8.41,9.131,9.889,10.676,11.496,12.334,13.193,14.075,15.177,16.497,17.855,19.255,20.698,22.185,23.729,25.317,26.942,28.605,30.266,31.928,33.542,35.07,36.493,37.844,39.685,41.444,43.102,44.547,46.922,48.384,50.448,50.791,54.403,58.932,61.467,65.077,64.148,63.676,64.292,65.107,65.656,65.763,65.607,66.097,66.915,72.056,76.594,78.247,80.924,82.831,84.158,83.618,77.794,77.772,75.896,74.491,72.983,71.364,72.999,74.526,75.798,77.149,77.611,79.116,80.294,81.418,82.457,83.352,84.154,84.773,85.143,85.545,85.818,85.948,86.021,86.088,86.125,86.222,86.021,85.994,85.888,85.8,85.536,85.419,85.149,84.877,84.479,84.109,83.725,83.305,82.868,82.414
ARE,72.048,76.976,82.104,87.418,92.876,98.429,104.087,109.838,115.73,121.794,128.08,134.589,141.389,148.503,155.919,163.465,170.742,177.211,182.189,216.642,262.678,310.393,359.661,410.366,462.431,515.742,569.971,661.761,758.657,859.891,964.13,1067.27,1132.44,1200.3,1270.311,1341.681,1414.142,1520.624,1627.864,1735.712,1843.989,1952.451,2060.8,2168.66,2275.527,2380.849,2488.476,2706.652,2928.167,3152.676,3379.342,3607.809,3839.372,4074.28,4310.634,4547.3,4782.28,5235.92,6013.349,6591.98,6822.136,7054.59,7344.257,7649.98,8013.714,8460.035,8889.231,9172.515,9296.139,9397.601,9358.094,9538.954,10039.142,10445.031,10839.131,11215.127,11476.873,11672.491,11838.7,11985.813,12123.467,12257.743,12396.478,12539.154,12685.376,12834.777,12986.627,13140.805,13296.79,13454.693,13613.685,13773.868,13935.181,14097.482,14260.709,14424.914,14589.818,14757.7,14929.935,15103.819,15279.41
ARG,16849.682,17186.391,17526.543,17871.212,18211.391,18551.034,18881.023,19218.906,19547.163,19881.344,20217.875,20554.215,20898.337,21246.74,21596.67,21942.237,22283.022,22624.763,22973.355,23327.811,23689.611,24067.043,24447.373,24841.283,25250.727,25671.974,26076.241,26488.325,26915.285,27349.03,27788.76,28234.433,28693.485,29155.038,29627.626,30098.56,30574.321,31049.639,31533.884,32027.18,32514.716,32997.086,33463.502,33923.553,34381.88,34845.103,35294.937,35732.648,36162.935,36582.785,37006.579,37421.389,37828.262,38230.436,38618.128,39013.703,39419.876,39824.354,40209.172,40639.124,41070.538,41506.849,41954.472,42368.971,42795.94,43252.203,43701.821,44098.806,44478.982,44830.781,45116.15,45267.779,45356.784,45459.024,45617.778,45774.54,45928.215,46079.253,46227.431,46372.462,46515.067,46654.977,46792.494,46927.26,47059.773,47189.298,47314.69,47436.04,47552.984,47664.591,47769.055,47866.234,47954.762,48034.251,48104.871,48166.187,48217.495,48257.861,48287.123,48304.93,48311.619
ARM,1366.292,1399.497,1435.07,1473.143,1514.012,1557.945,1605.071,1656.566,1711.702,1770.066,1831.951,1895.459,1959.509,2023.869,2088.177,2152.094,2215.175,2277.142,2337.841,2396.797,2451.263,2500.002,2550.689,2603.468,2658.253,2714.637,2772.683,2863.647,2962.008,3063.605,3093.398,3121.432,3149.265,3177.023,3206.055,3243.039,3277.825,3311.87,3345.17,3365.08,3521.12,3583.135,3644.818,3498.905,3407.76,3321.46,3293.703,3263.768,3228.81,3187.992,3146.58,3104.677,3064.022,3047.238,3030.699,3014.383,2998.319,2982.435,2967.203,2952.777,2938.256,2923.9,2922.641,2922.414,2922.622,2922.222,2920.133,2917.452,2912.475,2907.454,2900.489,2881.296,2859.401,2902.348,2984.438,2963.243,2941.486,2920.344,2900.647,2880.986,2861.04,2841.543,2822.121,2803.453,2784.613,2766.122,2747.328,2729.002,2710.853,2693.087,2674.555,2656.491,2638.932,2621.299,2604.107,2587.544,2570.896,2554.128,2537.265,2520.401,2503.559
ASM,18.717,19.368,19.483,19.623,19.709,19.81,19.907,19.966,19.95,19.911,19.906,20.359,20.972,21.624,22.309,23.037,23.774,24.497,25.23,25.998,26.751,27.3,27.766,28.225,28.648,29.102,29.677,30.241,30.801,31.35,31.872,32.933,34.236,35.582,36.96,38.374,39.833,41.309,42.835,44.395,45.987,47.293,48.471,49.606,50.712,51.79,52.842,53.865,54.859,55.808,56.688,57.021,57.086,57.037,56.904,56.732,56.502,56.247,55.979,55.677,55.379,55.078,54.713,54.265,53.747,53.185,52.571,51.918,51.254,50.563,49.855,49.668,48.782,47.901,47.141,46.389,45.668,44.969,44.34,43.779,43.203,42.713,42.241,41.81,41.391,41.018,40.668,40.352,40.061,39.788,39.512,39.259,39.035,38.835,38.647,38.45,38.292,38.118,37.935,37.793,37.623
ATG,44.948,45.939,46.901,47.893,48.872,49.87,50.878,51.886,52.923,53.991,55.06,56.146,56.934,57.737,58.539,59.502,60.438,61.361,62.314,63.304,64.334,64.721,64.737,64.493,64.191,63.926,63.752,63.772,63.953,64.124,64.424,64.601,64.728,64.842,65.026,64.739,64.443,64.11,63.782,63.463,63.188,62.945,63.829,64.98,66.194,67.491,68.886,70.337,71.769,73.056,74.277,75.547,76.591,77.473,78.295,79.144,80.077,81.131,82.277,83.547,84.799,85.842,86.822,87.698,88.431,89.099,89.719,90.219,90.717,91.135,91.592,92.1,92.598,93.082,93.549,93.994,94.423,94.828,95.191,95.546,95.863,96.137,96.371,96.596,96.768,96.943,97.072,97.146,97.173,97.19,97.163,97.104,97.004,96.881,96.714,96.529,96.31,96.072,95.813,95.535,95.225
AUS,8048.9,8304.6,8532.62,8728.789,8903.373,9095.393,9314.969,9534.354,9743.196,9952.077,10167.995,10393.631,10607.255,10807.217,11019.313,11237.188,11477.766,11707.204,11913.834,12146.192,12398.569,12800.253,13195.675,13414.117,13623.253,13815.736,13972.242,14121.268,14285.749,14448.447,14617.623,14825.071,15073.333,15311.637,15518.149,15723.157,15948.338,16190.928,16453.609,16734.589,17004.135,17248.461,17457.924,17640.653,17805.169,17989.698,18200.991,18409.624,18600.201,18803.233,19016.729,19248.213,19482.653,19708.057,19930.852,20162.502,20426.478,20754.641,21154.456,21586.721,21979.301,22303.86,22655.69,23049.598,23422.943,23768.258,24127.746,24532.18,24929.897,25309.514,25655.914,25831.668,26081.167,26320.802,26581.446,26844.964,27103.088,27351.104,27597.438,27840.238,28072.905,28304.174,28531.414,28752.429,28970.774,29187.209,29405.127,29622.099,29831.175,30044.909,30251.945,30462.956,30677.588,30895.079,31109.348,31322.839,31539.406,31761.57,31970.869,32192.373,32401.987
AUT,6937.809,6935.09,6925.877,6928.627,6935.536,6944.247,6949.063,6955.465,6976.204,6998.472,7030.057,7064.491,7107.624,7151.534,7199.453,7247.336,7293.494,7349.543,7403.035,7426.212,7454.391,7478.247,7521.022,7565.496,7604.715,7591.218,7564.442,7564.472,7570.199,7552.21,7544.472,7552.34,7582.772,7563.385,7558.941,7562.488,7566.13,7572.66,7575.971,7594.713,7646.1,7713.149,7801.131,7884.293,7930.698,7945.612,7955.031,7966.798,7972.809,7984.122,8003.663,8022.193,8062.272,8101.001,8144.203,8202.779,8255.63,8284.167,8309.737,8336.768,8353.363,8376.82,8409.72,8453.482,8509.331,8586.304,8701.773,8774.058,8823.497,8859.804,8901.948,8940.862,8993.251,9136.103,9124.755,9116.871,9110.277,9104.255,9098.731,9093.799,9085.728,9074.965,9063.212,9049.807,9037.164,9021.655,9006.761,8991.73,8973.661,8959.14,8942.441,8925.682,8909.437,8891.911,8874.445,8854.55,8834.91,8813.488,8790.317,8765.375,8738.136
AZE,3105.38,3158.563,3215.743,3278.259,3346.95,3422.472,3505.701,3597.071,3696.665,3804.732,3920.917,4044.496,4173.463,4305.351,4438.746,4568.562,4692.064,4811.737,4922.864,5030.102,5133.445,5234.206,5332.803,5429.032,5524.186,5620.264,5718.255,5863.826,6011.455,6138.7,6235.567,6333.848,6437.36,6545.509,6659.143,6753.42,6846.207,6936.487,7018.828,7143.984,7191.186,7270.968,7357.648,7453.912,7554.318,7663.468,7775.095,7886.869,7985.574,8066.034,8134.909,8214.662,8288.879,8363.388,8437.672,8542.076,8652.42,8770.34,8886.283,8998.994,9093.678,9200.023,9312.277,9440.084,9568.734,9693.542,9812.158,9924.698,10012.321,10067.248,10153.702,10209.758,10258.983,10331.625,10304.789,10368.366,10427.06,10482.65,10536.198,10588.992,10640.514,10690.246,10739.024,10786.83,10832.799,10877.222,10920.109,10960.582,10998.892,11033.82,11066.752,11095.919,11121.918,11144.772,11164.879,11181.363,11196.238,11207.141,11216.375,11222.553,11224.531
BDI,2229.322,2280.554,2330.938,2380.67,2429.703,2479.47,2529.829,2580.787,2632.179,2682.644,2736.551,2791.964,2878.273,2937.612,3002.071,3109.229,3173.504,3262.416,3338.964,3421.81,3487.37,3573.495,3661.084,3573.171,3650.811,3756.37,3836.854,3928.398,4038.767,4161.909,4245.151,4522.26,4609.768,4753.012,4864.043,4988.887,5079.198,5179.631,5315.942,5414.711,5528.701,5645.404,5762.31,5954.503,5399.183,6028.524,6104.108,6036.903,6103.181,6271.035,6403.276,6537.111,6731.619,6916.646,7169.663,7451.649,7722.949,8008.144,8315.604,8695.67,9199.621,9553.268,9882.688,10259.367,10619.314,10980.257,11114.903,11363.999,11649.525,12069.367,12441.306,12792.766,13138.197,13503.998,13874.901,14220.671,14559.334,14898.98,15254.978,15633.051,15998.66,16365.373,16744.687,17125.789,17509.479,17892.137,18279.545,18686.565,19099.952,19511.114,19925.929,20336.706,20738.406,21164.719,21576.978,21994.406,22401.368,22771.047,23169.082,23547.911,23949.994
BEL,8597.144,8637.738,8673.778,8719.5,8764.214,8812.55,8858.436,8905.887,8957.833,9014.412,9077.067,9127.275,9189.147,9246.191,9304.202,9371.167,9428.548,9481.457,9530.382,9569.017,9609.358,9651.651,9681.411,9708.295,9727.775,9743.837,9753.115,9764.687,9783.341,9800.293,9822.438,9843.747,9857.591,9867.064,9871.2,9877.973,9882.702,9891.265,9907.028,9926.101,9947.045,9974.891,10023.031,10068.943,10100.918,10131.093,10143.437,10170.502,10192.426,10213.937,10239.426,10264.008,10310.001,10355.945,10396.575,10446.009,10511.762,10585.123,10665.862,10753.553,10872.318,11000.933,11076.33,11138.706,11181.846,11238.392,11312.277,11353.124,11400.037,11457.173,11524.063,11556.151,11585.536,11698.104,11727.682,11749.845,11767.361,11781.924,11795.355,11807.889,11819.429,11828.853,11837.152,11845.096,11853.399,11860.352,11866.817,11873.099,11879.958,11885.854,11890.38,11894.029,11897.886,11900.056,11901.251,11901.846,11900.122,11896.997,11892.116,11885.132,11876.181
BEN,2242.408,2258.543,2276.073,2295.477,2316.926,2340.638,2366.653,2395.131,2426.409,2460.458,2497.371,2537.201,2581.245,2628.072,2677.744,2730.262,2785.61,2843.024,2902.97,2965.544,3030.901,3099.213,3170.32,3244.765,3322.227,3403.039,3487.775,3576.617,3669.787,3766.822,3870.235,3980.267,4096.347,4216.845,4341.111,4470.678,4605.347,4745.493,4891.48,5043.201,5200.113,5362.845,5531.019,5704.669,6040.743,6152.269,6301.277,6482.438,6684.293,6894.684,7110.952,7332.286,7558.906,7791.947,8034.193,8283.995,8568.292,8818.192,9089.746,9367.186,9651.66,9943.308,10243.939,10551.375,10866.292,11193.715,11527.647,11868.036,12211.524,12555.171,12898.339,13241.999,13584.835,13934.166,14287.903,14637.545,14991.374,15349.465,15709.362,16071.198,16436.642,16801.002,17170.859,17543.268,17919.607,18300.218,18685.045,19071.045,19457.954,19852.596,20247.342,20644.177,21042.351,21443.611,21843.663,22241.479,22645.813,23046.579,23443.698,23840.683,24236.532
BES,6.988,7.001,7.057,7.173,7.283,7.599,7.605,7.62,7.649,7.704,7.773,7.895,8.028,8.177,8.35,8.552,8.759,8.987,9.227,9.474,9.737,9.995,10.252,10.463,10.612,10.771,10.939,11.122,11.318,11.505,11.689,11.874,11.999,12.102,12.205,12.314,12.423,12.523,12.631,12.748,12.868,12.991,13.107,13.22,13.325,13.444,13.574,13.715,13.861,14.009,14.153,14.313,14.691,15.319,15.967,16.64,17.321,18.028,18.74,19.457,20.19,20.927,22.324,23.319,24.303,24.627,24.593,24.493,25.1,25.209,26.041,26.865,27.781,29.473,30.324,31.027,31.65,32.176,32.662,33.058,33.371,33.649,33.872,34.085,34.266,34.408,34.512,34.585,34.661,34.726,34.775,34.838,34.868,34.906,34.916,34.921,34.934,34.91,34.871,34.832,34.765
BFA,4190.492,4235.812,4284.956,4335.746,4386.888,4440.864,4497.242,4556.067,4617.076,4677.484,4744.206,4813.036,4883.412,4955.932,5031.315,5110.754,5194.911,5280.955,5371.741,5465.546,5560.808,5659.8,5756.198,5858.271,5965.583,6084.225,6210.913,6350.357,6507.11,6674.858,6852.947,7042.852,7237.69,7442.704,7659.554,7884.957,8114.912,8342.782,8571.436,8803.435,9038.915,9279.798,9509.466,9749.085,9994.341,10253.255,10520.19,10791.695,11076.751,11404.577,11745.28,12105.811,12484.191,12877.602,13287.462,13713.605,14150.642,14596.772,15035.841,15480.345,15939.786,16413.21,16910.606,17433.968,17956.85,18502.072,19052.902,19616.809,20172.005,20704.571,21219.334,21738.045,22252.441,22765.636,23285.916,23811.646,24337.514,24865.886,25395.936,25927.946,26461.268,26999.381,27542.346,28087.994,28639.707,29194.189,29745.303,30294.452,30840.668,31384.382,31925.362,32461.928,32995.748,33526.148,34051.048,34572.424,35086.957,35592.048,36092.308,36581.104,37065.76
BGD,40816.124,41597.588,42447.019,43339.003,44243.78,45238.811,46296.557,47412.277,48597.061,49771.046,51112.478,52544.843,54075.852,55686.44,57322.364,59034.383,60770.655,62568.956,64452.901,66363.651,68224.614,69893.175,70660.342,72622.696,74821.892,76856.803,78851.898,80858.738,82875.789,84903.521,86966.622,89066.241,91539.968,94089.045,96581.264,99048.668,101458.982,103812.162,106106.42,108325.595,110542.003,112725.431,114848.787,117055.596,119209.125,121477.233,123723.507,126000.851,128395.288,130849.375,133366.754,135721.855,137889.766,139977.55,141963.153,143842.558,145589.014,147222.933,148755.623,150192.904,151554.524,152849.439,154332.712,155807.491,157256.79,158673.067,160093.291,161530.574,162841.719,164204.488,165621.622,166974.426,168343.283,170426.512,172507.468,174617.26,176756.539,178879.55,180980.8,183048.747,185080.492,187064.321,188986.076,190823.059,192611.311,194311.021,195949.723,197531.427,199044.964,200508.933,201908.614,203270.244,204607.915,205911.056,207179.91,208422.2,209636.988,210825.391,211978.949,213096.907,214180.172
BGR,7207.37,7289.651,7339.218,7384.686,7447.159,7505.378,7561.93,7612.401,7686.678,7763.105,7825.242,7900.611,7975.989,8040.661,8106.801,8173.368,8231.465,8286.106,8336.142,8405.134,8465.419,8516.23,8561.566,8598.259,8651.342,8714.168,8732.129,8786.746,8822.626,8804.867,8845.117,8873.956,8901.646,8923.818,8942.833,8962.375,8955.333,8971.605,8980.804,8990.626,8882.135,8762.595,8628.999,8489.202,8443.864,8389.971,8325.177,8257.619,8176.585,8099.804,8035.121,7965.918,7890.986,7832.899,7775.92,7722.94,7667.159,7613.429,7560.347,7510.836,7465.187,7410.01,7350.04,7283.987,7245.212,7201.687,7153.347,7101.521,7049.75,6999.741,6951.197,6916.107,6838.344,6813.384,6778.222,6737.155,6691.964,6643.355,6592.301,6539.735,6485.837,6430.649,6375.657,6321.14,6265.8,6210.623,6155.605,6099.733,6044.046,5989.646,5934.74,5880.716,5827.395,5775.378,5723.976,5673.251,5623.261,5573.587,5523.823,5474.986,5426.371
BHR,115.571,118.955,122.545,126.352,130.394,134.728,139.412,144.426,149.867,155.752,162.089,168.866,175.827,182.871,190.131,197.501,204.231,210.855,217.522,221.151,223.786,225.831,235.636,248.589,262.051,276.026,290.46,305.266,320.38,335.712,351.203,366.754,380.294,393.671,407.743,422.566,438.149,454.422,471.287,488.571,506.084,523.509,540.228,555.269,570.35,585.554,600.89,616.296,631.714,647.042,662.185,676.976,722.935,781.46,841.092,901.792,963.416,1025.82,1088.99,1152.437,1214.774,1211.714,1201.742,1230.864,1283.542,1342.154,1397.146,1462.062,1501.928,1493.323,1478.018,1488.136,1515.391,1551.527,1587.804,1626.293,1660.37,1690.774,1715.571,1737.441,1756.268,1774.15,1792.174,1810.357,1828.694,1847.202,1865.873,1884.684,1903.593,1922.613,1941.67,1960.795,1979.941,1999.044,2018.081,2037.054,2055.89,2074.628,2093.245,2111.779,2130.243
BHS,83.053,83.92,85.251,87.076,89.398,92.25,95.594,99.416,103.659,108.338,113.496,119.138,125.256,131.729,138.445,144.611,151.292,158.456,166.078,174.099,181.863,188.1,193.614,198.496,203.086,207.598,212.173,216.83,221.484,226.037,230.422,234.631,238.598,242.63,246.767,250.96,255.348,259.725,264.144,268.752,273.605,278.284,283.178,288.676,294.003,299.015,303.907,308.629,313.178,317.558,321.67,326.0,329.672,333.556,337.679,341.885,345.903,350.847,355.822,360.419,365.201,369.754,373.704,377.235,380.671,383.925,386.768,389.343,391.627,393.808,395.541,396.184,396.562,398.515,400.366,402.2,403.865,405.392,406.847,408.272,409.622,410.911,412.165,413.278,414.405,415.462,416.493,417.376,418.301,419.199,419.965,420.727,421.418,422.062,422.603,423.04,423.485,423.861,424.032,424.203,424.277
BIH,2670.844,2709.975,2750.51,2798.854,2859.6,2920.794,2983.551,3047.551,3112.323,3178.536,3246.199,3316.563,3379.508,3435.557,3488.327,3538.554,3587.115,3634.009,3678.437,3719.151,3756.378,3790.116,3828.636,3867.905,3906.847,3946.097,3985.389,4023.715,4060.533,4095.947,4130.653,4166.199,4202.236,4239.965,4277.491,4313.581,4347.146,4377.085,4403.407,4425.4,4442.565,4454.739,4461.948,4007.284,3801.68,3649.145,3781.984,3968.508,4067.946,4110.767,4149.842,4169.701,4189.175,4186.83,4170.216,4111.758,4081.228,4045.316,3981.532,3913.557,3846.031,3776.912,3706.683,3633.544,3588.174,3541.484,3495.597,3450.409,3406.956,3367.044,3324.022,3274.677,3215.138,3194.466,3175.68,3152.826,3127.365,3101.118,3075.068,3049.804,3025.938,3002.01,2978.202,2951.352,2924.331,2895.218,2867.866,2841.016,2814.419,2787.954,2759.635,2730.386,2700.06,2671.413,2642.588,2614.236,2585.617,2556.231,2526.809,2498.776,2469.311
BLM,1.974,2.038,2.072,2.084,2.108,2.124,2.127,2.118,2.129,2.153,2.173,2.204,2.216,2.247,2.281,2.318,2.345,2.385,2.386,2.398,2.4,2.411,2.442,2.464,2.483,2.534,2.597,2.668,2.766,2.859,2.94,2.993,3.038,3.338,3.633,3.918,4.188,4.45,4.71,4.936,5.154,5.346,5.533,5.719,5.91,6.091,6.27,6.452,6.636,6.804,6.989,7.176,7.369,7.564,7.752,7.94,8.121,8.319,8.505,8.7,8.891,9.039,9.137,9.257,9.379,9.514,9.666,9.834,10.023,10.192,10.405,10.681,10.847,10.993,11.177,11.338,11.489,11.61,11.727,11.859,11.962,12.052,12.152,12.225,12.285,12.35,12.416,12.47,12.517,12.575,12.618,12.662,12.696,12.725,12.75,12.785,12.808,12.817,12.819,12.805,12.798
BLR,7100.082,7155.107,7223.759,7305.455,7395.817,7501.961,7619.39,7746.373,7876.297,8011.881,8150.758,8265.238,8375.629,8473.332,8562.076,8643.601,8716.257,8789.683,8856.824,8925.832,8983.362,9046.431,9113.064,9176.203,9235.222,9296.135,9352.426,9407.746,9462.141,9509.469,9565.941,9640.4,9715.695,9780.87,9850.24,9913.148,9975.225,10033.351,10081.859,10133.415,10184.155,10188.366,10199.412,10235.711,10246.929,10213.445,10181.482,10146.573,10098.155,10063.002,10015.444,9967.182,9908.948,9837.951,9768.402,9701.78,9633.897,9582.175,9544.092,9514.624,9500.05,9481.453,9464.017,9462.136,9466.77,9478.645,9495.941,9502.186,9489.393,9470.669,9400.17,9301.718,9201.012,9145.462,9085.898,9027.494,8967.712,8906.324,8844.928,8782.793,8719.324,8655.941,8592.975,8529.609,8466.243,8403.429,8341.112,8279.34,8218.02,8156.536,8094.999,8033.933,7972.956,7913.064,7853.362,7793.481,7733.451,7673.192,7612.013,7549.232,7485.739
BLZ,68.155,69.991,72.252,74.436,76.593,78.755,80.957,83.187,85.497,87.822,90.157,92.479,94.786,97.298,100.109,103.098,106.253,109.558,112.986,116.441,119.639,121.832,123.779,125.573,127.316,129.055,131.718,134.479,137.295,140.131,143.224,146.9,150.671,154.424,158.169,161.919,165.672,169.435,173.24,177.121,181.092,185.059,189.021,192.945,196.859,201.335,206.957,213.664,221.227,229.119,236.998,244.6,252.157,259.86,267.7,275.677,283.784,291.973,300.227,308.496,316.732,323.758,330.838,337.99,345.264,352.581,360.085,369.325,377.078,383.375,388.282,393.341,397.352,408.114,414.097,420.046,425.802,431.487,436.939,442.218,447.372,452.306,457.149,461.886,466.527,471.032,475.233,479.229,483.082,486.674,489.99,493.2,496.248,499.143,501.873,504.482,506.917,509.311,511.545,513.753,515.685
BMU,36.924,37.503,38.091,38.578,39.09,39.603,40.103,40.582,40.998,41.424,41.861,42.554,43.691,44.788,45.892,46.929,47.993,49.075,49.953,50.855,51.758,52.491,52.723,52.882,53.009,53.104,53.153,53.267,53.376,53.486,53.549,53.797,54.197,54.577,54.977,55.362,55.731,56.048,56.482,56.915,57.343,57.774,58.194,58.621,59.01,59.378,59.675,59.951,60.403,60.874,61.375,61.726,62.009,62.276,62.496,62.614,62.808,62.859,63.16,63.439,63.691,63.76,63.705,63.587,63.56,63.498,63.429,63.468,63.689,63.973,64.241,64.523,64.773,64.724,64.672,64.601,64.508,64.41,64.271,64.128,63.957,63.78,63.582,63.389,63.16,62.918,62.645,62.355,62.049,61.736,61.389,61.04,60.678,60.286,59.882,59.475,59.043,58.606,58.147,57.674,57.184
BOL,3067.084,3112.854,3161.74,3213.335,3268.594,3327.09,3388.918,3453.76,3521.378,3591.739,3664.644,3740.001,3817.462,3897.524,3980.302,4065.69,4153.901,4245.198,4339.945,4437.944,4538.52,4641.5,4747.185,4854.771,4965.63,5079.321,5195.758,5317.234,5441.098,5567.149,5694.549,5823.252,5952.967,6083.209,6214.912,6348.825,6483.546,6621.412,6762.912,6908.105,7055.428,7204.857,7355.722,7504.95,7653.441,7801.203,7948.148,8095.324,8240.476,8386.312,8533.299,8679.352,8826.12,8974.591,9126.809,9281.764,9439.743,9603.635,9768.284,9933.431,10099.12,10265.57,10432.288,10599.326,10765.889,10931.888,11097.522,11262.517,11426.658,11590.078,11752.693,11879.906,11994.813,12159.495,12328.824,12497.806,12665.879,12832.703,12998.475,13162.509,13325.045,13486.083,13644.933,13801.79,13956.313,14108.85,14258.795,14405.846,14550.36,14692.459,14831.436,14967.357,15100.613,15230.872,15358.152,15482.269,15603.313,15721.317,15836.175,15948.331,16057.289
BRA,52620.377,54196.725,55840.978,57548.766,59318.747,61151.497,63051.279,65016.712,67046.273,69138.01,71290.929,73485.324,75725.571,78005.076,80323.393,82653.796,84981.369,87297.348,89594.899,91887.581,94203.972,96547.33,98931.217,101362.377,103839.574,106339.777,108899.353,111527.345,114223.24,116978.644,119782.997,122631.924,125494.294,128352.017,131228.137,134089.59,136941.601,139731.139,142478.749,145173.965,147831.978,150454.468,152994.044,155556.113,158033.041,160496.971,162973.176,165431.922,167891.396,170427.914,172855.172,175181.391,177421.015,179585.952,181659.425,183690.861,185685.342,187620.869,189483.771,191250.832,192909.069,194494.79,196074.679,197677.544,199279.055,200891.199,202459.865,203976.362,205430.528,206783.993,208126.926,209194.759,209905.829,210707.0,211574.458,212422.689,213202.121,213923.212,214598.839,215223.907,215806.434,216342.388,216832.311,217278.457,217680.312,218041.454,218357.961,218632.447,218862.035,219049.088,219187.659,219286.508,219327.789,219311.733,219241.307,219116.682,218935.711,218706.356,218424.38,218092.059,217703.593
BRB,208.083,211.75,215.045,217.967,220.497,222.609,223.97,225.052,226.536,227.981,229.58,232.205,234.091,236.357,238.757,241.159,243.674,246.318,247.865,249.214,249.673,249.101,249.235,250.081,250.564,250.99,251.361,251.524,251.728,251.374,251.164,251.883,252.658,253.532,254.452,255.388,256.251,256.986,257.573,257.953,258.265,258.898,259.847,260.686,261.368,261.873,262.206,262.361,262.422,262.45,262.585,261.541,263.31,264.986,266.566,268.03,269.382,270.621,271.956,273.473,274.772,275.715,276.563,277.312,278.018,278.678,279.302,279.893,280.449,280.972,281.443,281.953,282.34,282.296,282.376,282.559,282.688,282.761,282.812,282.773,282.616,282.365,282.044,281.644,281.156,280.647,280.038,279.347,278.587,277.715,276.841,275.851,274.85,273.734,272.552,271.37,270.177,268.895,267.552,266.229,264.882
BRN,46.859,49.736,52.644,55.822,59.295,63.123,67.298,71.798,76.53,81.415,86.269,90.424,94.611,98.827,103.492,108.352,113.325,118.424,123.611,128.834,134.057,136.22,139.622,144.756,149.983,155.329,160.811,166.402,172.152,177.616,183.228,188.994,194.96,201.369,208.113,215.208,222.631,230.359,237.361,244.465,251.663,258.922,266.271,273.408,280.535,287.648,294.743,301.808,308.875,315.896,322.927,329.921,336.769,343.429,349.845,355.976,361.855,367.47,374.275,381.311,388.594,396.07,402.707,408.406,413.998,419.503,424.92,430.208,435.336,440.283,445.077,449.73,453.711,457.028,460.869,464.574,468.087,471.463,474.848,478.017,480.972,483.921,486.711,489.192,491.681,494.106,496.474,498.636,500.772,503.068,505.064,506.887,508.72,510.37,511.888,513.301,514.803,516.034,517.178,518.225,519.157
BTN,167.725,172.239,176.961,181.799,186.866,192.04,197.456,203.015,208.787,214.728,220.902,227.266,233.939,241.332,248.98,256.994,265.407,274.233,283.471,293.151,303.277,313.779,324.642,335.886,347.524,359.551,372.03,384.951,398.328,412.158,426.241,440.567,455.104,469.866,485.054,500.515,516.27,532.379,548.734,565.237,581.935,596.639,602.928,552.62,556.725,552.27,543.708,553.859,563.534,575.336,589.822,603.904,617.685,631.132,644.195,656.894,666.837,674.762,682.52,690.183,697.793,705.471,713.283,721.276,729.27,737.009,744.227,751.505,757.164,762.354,767.294,772.718,778.165,783.664,789.106,793.943,799.42,805.008,809.522,814.161,818.381,823.007,827.936,832.757,837.215,840.871,845.532,849.871,853.813,857.3,860.537,863.72,866.593,869.718,872.482,874.996,877.349,878.967,879.944,881.037,881.833
BWA,408.831,418.564,428.548,438.874,449.072,459.013,468.839,478.725,488.852,499.359,510.396,521.935,533.95,546.421,559.512,573.02,576.309,579.424,582.441,585.49,588.642,592.026,608.936,635.878,668.938,701.958,738.801,778.214,820.934,877.544,925.941,949.029,990.964,1027.573,1064.7,1102.621,1141.269,1180.031,1218.303,1252.65,1287.897,1323.495,1360.018,1400.047,1440.183,1479.862,1517.81,1554.018,1589.365,1624.434,1659.56,1695.205,1729.303,1760.222,1791.251,1823.041,1856.713,1892.32,1930.082,1969.859,2011.487,2054.734,2092.335,2124.898,2156.467,2187.621,2218.925,2250.626,2282.868,2315.414,2348.752,2383.035,2419.846,2459.937,2500.552,2541.726,2582.518,2624.258,2665.027,2706.188,2745.899,2785.936,2824.042,2862.425,2899.54,2936.415,2972.413,3007.857,3042.599,3076.466,3110.283,3142.997,3175.264,3206.676,3238.458,3269.571,3301.031,3332.974,3364.025,3394.199,3423.337
CAF,1426.515,1449.6,1472.901,1496.747,1521.15,1546.365,1572.361,1599.331,1627.223,1656.118,1686.544,1718.148,1751.012,1785.218,1820.908,1858.259,1897.45,1938.715,1982.172,2028.028,2075.003,2120.007,2162.892,2204.645,2247.371,2291.306,2336.527,2360.604,2385.257,2410.665,2436.924,2464.146,2492.658,2522.092,2552.707,2584.512,2617.353,2651.162,2687.148,2740.783,2827.158,2916.661,3009.722,3107.939,3207.739,3308.168,3387.935,3483.995,3579.404,3678.249,3780.65,3886.183,3952.791,4059.364,4146.808,4238.844,4338.777,4416.381,4509.16,4608.807,4449.286,4536.705,4593.338,4628.358,4656.48,4589.884,4668.757,4758.57,4828.451,4928.863,4960.544,5092.713,5131.487,5064.592,5240.249,5421.13,5605.434,5792.534,5983.711,6181.218,6378.246,6578.245,6781.87,6986.407,7192.479,7400.015,7605.159,7809.963,8013.299,8218.426,8424.685,8628.225,8829.922,9032.403,9237.588,9445.936,9655.85,9867.038,10078.49,10293.544,10507.707
CAN,13593.591,13889.903,14276.694,14688.904,15106.846,15531.127,15925.422,16393.823,16888.837,17319.334,17711.707,18085.873,18440.276,18786.925,19141.598,19501.734,19869.302,20238.04,20579.519,20888.824,21186.412,21693.632,22097.75,22364.011,22660.442,22987.722,23310.251,23601.311,23859.369,24098.108,24376.237,24691.315,24998.632,25281.696,25543.52,25797.23,26057.701,26364.361,26717.48,27138.409,27593.691,27985.194,28329.121,28670.998,28990.276,29304.487,29613.776,29920.635,30197.543,30462.396,30736.515,31047.091,31380.063,31691.092,31981.872,32283.483,32596.863,32921.479,33262.864,33635.306,34017.435,34376.362,34734.543,35110.489,35476.376,35792.151,36132.317,36574.369,37042.624,37547.386,38018.483,38325.321,38582.793,39059.725,39538.484,39946.376,40307.07,40628.385,40936.083,41234.923,41517.67,41793.508,42063.722,42319.814,42556.246,42796.698,43013.836,43235.065,43450.947,43660.957,43857.762,44045.072,44230.739,44413.16,44589.112,44762.496,44937.696,45095.813,45251.16,45407.274,45546.625
CHE,4668.088,4717.195,4778.975,4844.249,4907.055,4970.44,5033.784,5097.456,5162.868,5230.015,5295.585,5359.976,5508.27,5639.122,5749.208,5829.09,5883.749,5952.174,6031.292,6104.022,6168.681,6193.163,6233.898,6288.263,6326.542,6356.211,6320.988,6284.121,6278.598,6285.479,6303.95,6335.743,6373.37,6410.238,6428.384,6456.46,6485.453,6524.047,6567.498,6620.788,6674.789,6751.557,6842.328,6907.773,6968.439,7018.736,7062.219,7081.548,7096.777,7123.805,7164.437,7203.576,7249.205,7308.299,7358.595,7409.794,7453.852,7503.166,7587.596,7695.86,7779.43,7872.077,7956.666,8041.187,8141.217,8239.254,8328.614,8421.188,8486.068,8546.621,8608.427,8672.736,8741.311,8843.053,8898.069,8945.893,8988.922,9026.674,9061.137,9091.889,9118.018,9142.567,9165.477,9183.915,9200.883,9217.534,9230.916,9242.579,9253.226,9262.073,9270.648,9281.709,9288.577,9298.413,9305.714,9312.633,9318.363,9324.397,9331.343,9338.252,9341.672
CHL,6566.565,6690.588,6822.745,6961.234,7105.823,7255.315,7409.288,7569.779,7732.829,7899.144,8067.712,8238.988,8410.617,8583.502,8756.786,8928.265,9097.611,9265.834,9432.044,9597.388,9763.176,9927.512,10091.89,10257.466,10423.257,10588.377,10754.742,10921.76,11089.278,11256.113,11423.444,11593.656,11763.777,11936.651,12115.624,12299.841,12490.708,12687.119,12893.182,13105.665,13324.345,13550.007,13774.975,13994.18,14210.372,14422.14,14632.623,14835.468,15029.401,15226.197,15412.428,15594.842,15772.856,15942.995,16106.508,16268.135,16429.42,16588.969,16754.192,16923.784,17095.677,17267.251,17436.38,17601.858,17772.155,17956.235,18139.016,18395.427,18722.308,19064.074,19331.414,19409.834,19502.834,19603.239,19714.431,19815.112,19904.73,19986.969,20065.339,20136.528,20202.719,20263.647,20318.324,20365.29,20404.855,20440.243,20471.637,20498.535,20517.364,20531.599,20539.813,20544.392,20542.178,20537.655,20528.192,20511.177,20487.098,20459.465,20427.981,20388.69,20344.193
CHN,539190.005,548898.71,558617.784,571645.091,583469.185,596758.532,610335.483,622781.682,637930.735,650508.223,654908.211,654695.926,656851.046,673296.335,695808.956,713787.574,733043.892,751760.534,770291.518,791730.531,812550.133,834067.801,854071.933,873283.695,891870.197,908744.967,923488.619,937255.966,949836.783,962486.186,976089.953,990237.132,1005205.011,1021971.348,1036158.564,1051540.712,1068074.929,1086392.285,1106042.607,1124445.724,1143536.292,1163629.156,1177947.9,1191200.574,1203416.576,1214589.617,1225678.238,1236211.386,1246067.858,1255626.395,1264726.915,1274435.436,1283014.689,1290718.988,1298315.664,1305884.967,1314169.304,1321938.768,1329688.395,1337953.637,1347091.795,1356031.233,1364470.096,1374571.633,1383444.448,1392459.496,1399808.851,1408296.413,1416413.041,1421604.871,1425435.844,1426776.342,1426098.192,1424260.946,1420908.919,1417733.636,1414458.552,1411369.625,1407989.187,1404284.3,1400281.205,1396026.459,1391470.88,1386649.184,1381543.858,1376210.011,1370645.051,1364840.518,1358819.609,1352625.805,1346163.63,1339469.683,1332510.78,1325307.695,1317873.9,1310158.073,1302069.502,1293565.661,1284675.192,1275309.978,1265452.312
CIV,2698.514,2771.847,2846.888,2924.535,3005.728,3091.345,3181.912,3278.109,3380.448,3489.712,3608.171,3739.16,3881.143,4032.735,4191.387,4356.516,4528.238,4706.8,4892.688,5087.355,5297.086,5526.048,5775.688,6043.743,6326.144,6621.971,6930.622,7185.293,7458.608,7747.652,8056.883,8384.545,8728.648,9087.225,9458.263,9842.769,10238.196,10643.638,11059.311,11491.066,11948.475,12431.08,12936.66,13463.961,14007.941,14566.462,15144.667,15739.957,16354.383,16973.514,17458.357,17939.651,18418.175,18891.368,19359.716,19830.285,20306.63,20786.974,21274.142,21754.735,22241.144,22734.985,23229.014,23705.142,24174.409,24880.382,25612.303,26366.506,27100.237,27828.108,28557.91,29272.989,30006.484,30783.52,31547.788,32320.672,33102.421,33886.271,34675.988,35478.204,36288.706,37109.312,37949.419,38803.793,39684.974,40580.641,41487.056,42409.877,43350.12,44298.618,45258.872,46228.977,47205.887,48198.438,49202.892,50215.2,51216.935,52219.176,53223.75,54237.441,55241.372
CMR,4298.444,4361.724,4428.982,4500.45,4576.442,4657.329,4743.186,4833.487,4924.379,5020.058,5120.084,5198.031,5280.514,5396.727,5516.519,5639.995,5769.377,5905.213,6049.423,6202.303,6364.622,6534.964,6713.853,6899.891,7093.429,7293.738,7500.503,7695.42,7897.582,8126.26,8353.023,8671.414,8961.339,9096.017,9334.777,9615.379,9908.081,10212.603,10528.896,10841.04,11164.45,11499.192,11835.168,12177.539,12528.723,12881.083,13235.949,13593.566,13956.862,14332.857,14717.424,15107.838,15511.143,15939.912,16380.768,16840.207,17308.981,17791.832,18307.96,18840.153,19387.794,19948.338,20516.269,21102.789,21701.963,22417.823,23109.006,23799.317,24457.885,25154.881,25857.309,26563.807,27267.71,27997.833,28747.541,29499.946,30258.728,31022.905,31797.863,32583.473,33375.092,34179.287,34988.947,35810.395,36636.571,37473.048,38314.588,39170.347,40030.398,40895.625,41770.056,42645.95,43534.009,44418.024,45297.578,46185.371,47072.707,47965.369,48862.197,49755.333,50651.206
COD,12174.049,12414.525,12670.763,12936.516,13202.384,13483.678,13777.024,14082.877,14401.68,14713.912,15069.251,15460.441,15864.308,16287.139,16728.058,17182.597,17673.006,18190.851,18734.713,19289.665,19851.225,20423.647,20967.49,21534.83,22120.5,22717.257,23324.944,23923.117,24535.006,25450.372,26323.192,27099.005,27902.025,28774.354,29727.571,30762.591,31767.041,32763.351,33834.457,34931.047,36042.685,37325.442,38526.193,39931.627,41381.046,43872.705,44994.704,45597.543,46462.261,48132.939,49693.003,51321.88,52943.412,54557.637,56130.097,57865.385,59686.064,61545.751,63409.753,65371.574,67452.514,69673.561,72025.062,74484.175,77094.615,79711.869,82359.193,85553.637,88613.159,91482.128,94412.756,97567.24,100730.624,104063.312,107516.151,111036.378,114628.568,118275.755,121983.737,125759.362,129588.918,133475.484,137419.507,141397.718,145430.343,149505.928,153614.277,157764.633,161932.518,166158.701,170434.688,174756.476,179136.049,183564.761,188045.567,192578.436,197152.322,201776.647,206435.207,211132.18,215863.204
COG,826.239,844.284,862.986,882.377,902.554,923.48,945.383,968.264,992.133,1017.122,1043.188,1070.275,1098.504,1127.846,1158.68,1190.953,1224.808,1260.261,1297.122,1335.916,1376.449,1418.826,1463.252,1509.685,1557.676,1606.926,1647.137,1687.313,1727.822,1768.355,1808.693,1849.276,1890.242,1930.619,1970.022,2029.035,2089.588,2151.617,2215.329,2279.976,2347.14,2413.98,2484.479,2554.452,2635.796,2710.493,2788.428,2865.141,2910.583,2993.54,3072.207,3230.484,3314.591,3386.95,3504.555,3626.553,3766.233,3908.585,4052.275,4174.76,4387.678,4536.902,4682.546,4798.354,4915.844,5035.916,5159.245,5285.827,5416.195,5550.041,5683.281,5822.3,5962.066,6108.142,6257.628,6408.294,6560.58,6714.991,6873.597,7034.348,7198.578,7365.955,7538.864,7714.09,7891.908,8070.78,8250.685,8432.738,8616.865,8802.586,8989.762,9178.181,9371.138,9562.381,9755.302,9945.712,10138.09,10330.653,10525.171,10717.627,10909.683
COK,14.49,14.895,15.213,15.466,15.75,16.025,16.31,16.557,16.817,17.119,17.466,17.857,18.22,18.348,18.497,18.674,18.885,19.145,19.508,19.878,20.285,20.692,21.046,20.493,19.883,19.233,18.56,17.936,17.885,17.814,17.742,17.651,17.558,17.384,17.175,16.95,16.714,16.489,16.666,16.839,17.024,17.216,17.403,17.538,17.645,17.733,17.829,17.882,17.362,16.796,16.171,15.538,14.932,15.003,15.051,15.104,15.159,15.253,15.737,16.225,16.725,17.227,17.683,17.639,17.571,17.494,17.398,17.267,16.827,16.366,15.892,15.395,14.97,14.477,13.967,13.491,13.035,12.617,12.251,11.923,11.623,11.368,11.153,10.958,10.781,10.621,10.454,10.317,10.204,10.081,10.0,9.893,9.825,9.772,9.715,9.656,9.595,9.544,9.478,9.43,9.367
COL,11614.844,11919.132,12238.482,12573.202,12918.868,13282.81,13663.31,14060.292,14480.249,14906.325,15366.105,15846.313,16344.093,16853.964,17373.683,17901.139,18436.96,18968.415,19502.82,20030.772,20553.112,21070.452,21567.741,22071.385,22579.363,23087.575,23601.714,24115.907,24671.081,25229.592,25801.66,26407.335,27019.199,27657.462,28318.884,28966.495,29570.446,30187.779,30811.156,31449.892,32102.665,32777.472,33419.273,34101.87,34781.076,35473.743,36135.582,36789.908,37452.391,38131.939,38777.787,39402.081,40016.444,40632.916,41241.942,41844.401,42413.553,42968.614,43502.133,44015.484,44527.597,45027.041,45492.187,45939.433,46363.736,46767.121,47172.76,47702.264,48559.892,49489.039,50326.931,50933.064,51443.283,52032.604,52609.701,53163.026,53688.245,54184.207,54660.324,55109.908,55535.344,55937.606,56314.321,56666.676,56997.845,57305.379,57586.127,57847.603,58082.989,58297.166,58491.447,58661.444,58812.326,58943.93,59056.785,59152.395,59229.251,59290.268,59335.999,59366.507,59383.512
COM,159.959,163.917,167.149,170.803,174.397,177.88,181.293,184.622,188.51,192.616,195.955,199.445,202.957,206.446,209.925,213.364,216.57,220.756,226.963,233.526,240.476,247.893,255.837,264.316,273.323,282.827,292.558,302.518,312.639,322.737,332.845,342.597,352.168,362.11,372.356,382.917,393.787,404.849,416.029,427.344,438.862,450.331,460.781,469.444,477.92,486.365,494.807,503.407,512.148,521.047,530.726,541.433,553.007,564.84,574.755,586.653,598.701,610.805,623.048,635.566,648.329,661.343,674.769,688.49,703.895,719.11,734.254,749.228,764.111,779.069,794.087,810.24,826.109,842.267,858.507,874.749,890.946,907.074,923.274,939.588,956.026,972.503,989.048,1005.651,1022.472,1039.267,1056.259,1073.443,1090.555,1107.741,1125.099,1142.457,1159.841,1177.182,1194.736,1212.353,1229.791,1247.118,1264.304,1281.772,1298.966
CPV,183.891,186.054,188.343,190.521,192.57,194.527,196.702,198.993,201.578,204.6,208.108,211.941,218.233,225.605,233.14,240.872,248.84,257.111,265.698,274.63,283.865,291.905,296.188,298.584,301.178,303.962,307.732,311.178,314.489,317.806,321.154,325.448,330.244,335.204,340.103,344.907,349.823,354.8,359.804,364.853,370.754,380.103,389.069,397.761,406.169,414.286,421.923,429.239,436.356,443.211,449.828,456.807,463.779,470.313,476.453,482.286,487.945,493.51,498.869,503.841,508.441,511.128,511.765,512.145,512.305,512.346,512.441,512.668,513.118,513.712,514.496,514.863,518.435,521.047,523.614,526.14,528.511,530.748,532.995,535.235,537.46,539.768,541.759,543.831,545.685,547.619,549.563,551.385,553.189,554.974,556.62,558.128,559.508,560.766,561.928,562.999,563.954,564.754,565.288,565.727,566.068
CRI,911.377,942.139,974.679,1008.908,1045.103,1083.134,1122.964,1164.73,1208.537,1254.565,1302.611,1352.381,1403.459,1455.431,1507.777,1560.143,1612.273,1663.959,1715.086,1764.376,1814.177,1863.721,1913.357,1963.139,2013.548,2065.739,2119.699,2175.85,2234.2,2294.821,2358.159,2423.108,2490.166,2559.446,2630.86,2704.329,2779.459,2854.974,2930.424,3005.782,3081.872,3161.54,3242.812,3325.704,3409.163,3493.08,3577.272,3660.754,3742.668,3823.009,3901.193,3974.285,4043.609,4107.801,4169.768,4230.387,4292.093,4350.586,4409.909,4470.202,4529.38,4582.544,4637.122,4690.745,4741.549,4792.689,4843.388,4890.607,4935.747,4979.889,5019.218,5049.422,5070.553,5092.976,5118.075,5141.745,5164.155,5185.423,5205.687,5224.82,5242.941,5260.052,5276.216,5291.399,5305.627,5318.696,5330.701,5341.577,5351.243,5359.793,5366.934,5372.678,5377.194,5380.149,5381.68,5381.765,5380.272,5377.244,5372.658,5366.495,5358.806
CUB,5865.903,5983.119,6101.282,6223.067,6348.43,6477.267,6608.933,6743.171,6880.283,7020.296,7164.367,7311.795,7462.439,7619.757,7783.563,7948.476,8113.119,8273.781,8431.469,8587.574,8745.707,8903.058,9055.112,9192.67,9317.987,9430.378,9529.073,9613.41,9683.469,9740.491,9786.22,9823.371,9875.27,9950.091,10031.961,10114.637,10199.818,10288.676,10382.008,10483.161,10583.325,10680.274,10755.006,10816.597,10865.465,10906.577,10944.147,10979.873,11015.995,11053.43,11091.031,11127.186,11161.078,11193.758,11225.009,11252.503,11272.605,11284.496,11290.049,11293.474,11295.965,11298.853,11304.289,11302.062,11294.273,11277.278,11272.851,11258.373,11237.285,11216.95,11188.743,11163.965,11080.372,11039.268,11000.593,10958.973,10915.434,10869.884,10823.523,10775.647,10726.136,10675.508,10623.847,10570.818,10516.253,10460.297,10403.227,10344.631,10284.042,10222.354,10158.586,10093.088,10025.52,9956.271,9885.067,9812.422,9737.976,9661.681,9583.737,9504.546,9423.308
CUW,100.485,103.055,105.762,108.587,111.496,114.529,117.685,120.93,124.262,127.699,131.187,133.184,135.407,137.507,139.542,141.518,143.411,145.226,146.97,148.621,150.168,151.562,152.802,153.762,154.398,154.956,155.434,155.808,156.128,156.379,156.577,156.743,156.846,156.84,156.814,156.748,156.649,156.532,156.354,156.147,155.889,155.59,155.304,154.865,154.122,153.219,152.166,150.981,149.627,148.107,146.413,144.644,144.858,146.944,148.879,150.714,151.912,153.098,154.234,155.316,156.334,157.424,159.708,162.072,164.146,165.908,167.316,168.249,168.783,194.384,184.702,185.334,185.295,185.394,185.46,185.503,185.471,185.41,185.316,185.177,184.965,184.686,184.385,184.054,183.675,183.24,182.818,182.307,181.8,181.295,180.704,180.1,179.502,178.857,178.222,177.537,176.85,176.177,175.419,174.671,173.895
CYM,6.922,7.082,7.185,7.33,7.486,7.622,7.766,7.915,8.064,8.196,8.342,8.513,8.69,8.872,9.068,9.265,9.458,9.663,9.875,10.067,10.264,10.77,11.425,12.102,12.775,13.453,14.123,14.784,15.426,16.029,16.673,17.485,18.325,19.174,20.021,20.888,21.76,22.633,23.513,24.388,25.359,26.639,27.95,29.292,30.66,32.044,33.442,34.844,36.242,37.601,38.967,40.381,41.797,43.23,44.639,46.064,47.511,48.953,50.421,51.882,53.355,54.842,56.371,57.9,59.41,60.911,62.374,63.827,65.244,66.637,68.017,69.352,70.863,72.32,73.756,75.159,76.528,77.864,79.201,80.509,81.781,83.048,84.315,85.527,86.749,87.905,89.034,90.181,91.317,92.441,93.552,94.68,95.765,96.839,97.896,98.89,99.874,100.813,101.726,102.671,103.508
CYP,490.395,497.347,504.753,512.628,520.832,529.389,538.342,547.799,557.86,568.708,580.411,592.569,598.459,604.472,610.032,615.011,620.461,626.319,632.183,638.131,644.247,650.645,657.455,664.67,667.204,659.304,659.507,664.557,669.644,674.853,680.245,685.907,691.878,701.117,713.333,725.335,737.218,748.991,760.579,771.89,782.95,793.751,804.137,816.544,835.525,853.809,871.581,889.0,906.136,922.96,939.507,955.826,972.428,990.452,1008.728,1027.023,1045.28,1063.556,1081.871,1100.182,1118.56,1137.073,1155.912,1174.882,1192.908,1210.693,1228.31,1245.915,1262.636,1278.839,1294.504,1309.991,1324.626,1338.114,1351.837,1364.727,1376.781,1387.888,1398.786,1408.767,1417.915,1426.72,1434.64,1442.368,1449.532,1456.156,1462.225,1468.125,1473.299,1478.288,1482.802,1486.895,1490.486,1493.606,1496.374,1498.941,1501.199,1503.327,1505.123,1506.707,1507.913
CZE,8876.255,8957.167,9037.311,9117.099,9188.098,9254.282,9324.56,9391.476,9446.459,9492.95,9523.833,9559.377,9587.403,9607.516,9647.145,9690.348,9723.347,9749.131,9768.834,9781.392,9794.185,9808.318,9837.24,9878.896,9933.524,9998.373,10063.176,10122.7,10176.031,10225.468,10266.844,10283.962,10295.065,10302.952,10302.935,10304.702,10305.587,10303.16,10303.678,10307.221,10303.989,10299.988,10308.865,10316.031,10324.765,10319.894,10304.191,10288.065,10272.037,10258.816,10243.94,10229.668,10234.204,10244.732,10253.092,10269.807,10290.498,10318.679,10356.407,10400.178,10441.791,10486.28,10504.742,10509.928,10512.397,10522.054,10526.779,10537.117,10545.566,10552.308,10557.442,10542.817,10518.548,10827.878,10791.554,10680.164,10538.315,10517.246,10494.176,10467.962,10439.83,10410.348,10379.528,10347.66,10315.171,10282.405,10249.507,10217.245,10184.683,10153.304,10122.165,10092.286,10062.652,10034.056,10006.131,9978.744,9951.436,9923.774,9896.361,9868.546,9840.449
DEU,69917.533,69778.031,69786.072,69867.834,70002.401,70206.842,70461.463,70766.343,71409.949,71979.397,72504.038,73119.243,73632.988,74361.018,75035.001,75591.969,76341.959,76880.103,77061.479,77581.079,78306.962,78103.243,78588.501,78851.336,79082.607,78910.778,78492.952,78236.058,78135.06,78095.659,78200.143,78430.607,78465.473,78321.876,78126.391,77870.006,77856.842,77990.773,78133.875,78638.11,79376.02,80039.898,80566.494,81303.302,81670.243,81876.99,82162.791,82363.588,82415.688,81608.19,81748.384,81846.133,82021.636,82115.017,82108.214,82077.203,82016.258,81387.684,81209.401,81012.152,80858.414,80803.434,80912.313,80920.468,81162.695,81589.465,82565.636,82954.569,83253.445,83483.566,83634.807,83622.61,83771.555,84400.899,84695.563,84408.921,83741.228,83547.288,83338.123,83120.041,82890.845,82671.061,82433.813,82213.54,81985.972,81779.327,81560.492,81326.295,81107.498,80880.495,80659.523,80443.949,80247.363,80050.856,79833.415,79605.811,79377.78,79151.135,78917.426,78664.742,78417.032
DJI,61.361,63.3,65.317,67.392,69.579,71.835,74.172,76.61,79.134,81.74,84.433,87.615,91.165,95.401,100.343,106.052,112.132,118.407,124.891,131.61,140.547,149.803,160.469,172.044,184.854,200.373,219.443,242.031,267.195,292.868,316.158,335.472,350.622,363.138,375.968,392.138,413.236,439.447,469.35,499.696,547.014,612.063,650.121,601.898,626.593,626.827,639.321,657.375,686.26,712.444,735.992,758.645,783.981,807.167,819.871,832.376,845.958,865.57,883.485,901.982,921.072,939.431,957.684,975.811,993.838,1011.597,1029.029,1046.277,1063.404,1080.36,1097.058,1113.319,1129.177,1145.015,1160.872,1176.572,1191.581,1207.338,1222.696,1238.474,1254.866,1270.491,1286.174,1300.719,1314.879,1328.344,1342.653,1356.058,1370.9,1384.665,1399.07,1414.2,1429.384,1443.492,1455.635,1467.641,1480.441,1492.48,1503.602,1514.149,1525.301
DMA,50.11,50.282,50.6,51.075,51.691,52.476,53.428,54.543,55.849,57.317,58.898,59.846,60.571,61.325,62.153,63.022,63.987,65.027,66.142,67.322,68.547,69.269,69.795,70.325,70.844,71.337,71.804,72.23,72.583,72.864,73.054,73.112,72.86,72.515,72.214,71.898,71.59,71.223,70.823,70.392,69.915,69.339,69.254,69.396,69.469,69.484,69.453,69.367,69.231,69.018,68.721,68.301,68.275,68.459,68.603,68.695,68.774,68.839,68.856,68.852,68.876,68.841,69.266,68.969,70.461,70.285,70.535,68.678,68.315,68.034,67.727,67.419,66.985,66.668,66.353,66.057,65.686,65.336,64.98,64.636,64.307,64.031,63.869,63.784,63.765,63.76,63.763,63.761,63.778,63.79,63.796,63.802,63.802,63.76,63.704,63.652,63.605,63.544,63.459,63.358,63.254
DNK,4251.526,4285.283,4315.235,4349.231,4388.982,4423.833,4453.844,4478.827,4500.48,4531.66,4565.302,4593.383,4629.338,4665.596,4702.935,4740.847,4776.825,4817.588,4852.847,4876.745,4906.853,4950.484,4975.64,5007.506,5036.005,5055.26,5065.541,5080.068,5097.075,5111.612,5122.105,5124.057,5119.201,5116.586,5112.349,5111.312,5116.447,5124.929,5129.336,5129.944,5135.486,5146.564,5162.125,5180.609,5196.665,5215.714,5251.006,5275.13,5294.94,5313.584,5330.035,5349.282,5368.374,5383.544,5397.697,5411.499,5427.61,5447.23,5475.984,5511.543,5534.803,5560.922,5580.776,5603.057,5627.608,5659.98,5707.422,5748.98,5781.356,5806.293,5822.944,5840.116,5873.437,5932.37,5963.903,5990.921,6014.093,6032.948,6049.937,6064.443,6076.783,6087.207,6096.681,6104.071,6111.101,6117.339,6122.272,6126.343,6129.306,6132.426,6133.956,6135.362,6135.75,6135.76,6135.601,6134.856,6134.455,6132.772,6130.959,6129.026,6126.448
DOM,2345.815,2413.972,2486.323,2563.774,2645.851,2732.339,2822.918,2917.127,3014.422,3114.264,3216.341,3320.33,3426.135,3533.737,3642.836,3754.283,3863.644,3980.051,4097.806,4216.572,4337.498,4461.082,4587.387,4716.379,4848.076,4980.318,5113.235,5247.572,5383.314,5520.45,5658.929,5799.145,5937.761,6076.468,6218.027,6360.053,6500.755,6641.662,6783.367,6928.1,7076.49,7225.841,7373.865,7521.083,7668.06,7815.329,7960.902,8104.885,8243.272,8377.451,8514.965,8653.415,8787.152,8917.318,9043.922,9165.862,9284.206,9398.159,9513.157,9633.103,9757.427,9882.923,10008.32,10132.502,10255.163,10375.892,10493.766,10609.093,10724.593,10839.514,10948.573,11068.027,11178.924,11282.543,11379.988,11475.126,11565.848,11653.152,11738.727,11821.128,11900.494,11977.21,12051.097,12122.239,12190.818,12257.436,12321.425,12383.021,12442.071,12499.243,12553.079,12605.561,12655.817,12704.225,12750.364,12794.941,12837.069,12876.691,12913.629,12948.704,12980.973
DZA,8892.792,9144.061,9395.668,9646.746,9898.544,10130.218,10364.629,10599.735,10835.266,11072.013,11307.232,11542.612,11715.155,11886.386,12077.85,12281.776,12450.175,12729.963,13022.272,13322.956,13628.963,13938.476,14259.396,14594.747,14947.548,15319.456,16037.736,16780.604,17251.383,17762.564,18310.745,18903.603,19537.806,20206.89,20909.341,21634.597,22382.492,23108.505,23778.743,24440.328,25068.643,25682.977,26292.878,26964.257,27589.839,28184.718,28755.663,29310.426,29848.175,30260.091,30688.616,31119.169,31543.274,31958.395,32393.24,32863.332,33355.166,33891.846,34486.986,35146.936,35833.954,36542.517,37264.234,38028.098,38800.245,39609.816,40429.242,41272.2,42106.398,42903.672,43685.42,44398.762,45123.436,45831.343,46497.095,47131.52,47739.103,48317.564,48869.252,49401.793,49908.964,50399.367,50875.35,51351.639,51816.842,52279.165,52754.414,53218.12,53687.432,54156.261,54636.243,55110.709,55593.267,56075.843,56563.342,57049.015,57531.298,58004.035,58464.304,58917.467,59354.849
ECU,3472.185,3561.397,3654.262,3750.537,3850.048,3952.964,4059.412,4169.657,4284.061,4402.933,4526.578,4655.204,4789.458,4929.079,5074.352,5225.484,5382.442,5545.055,5713.06,5886.299,6064.174,6246.6,6433.504,6624.564,6819.503,7017.642,7218.859,7422.965,7630.673,7841.661,8056.077,8275.677,8498.143,8724.452,8956.383,9193.181,9429.126,9662.87,9895.709,10125.906,10357.798,10589.548,10815.213,11045.042,11263.506,11480.888,11700.141,11921.758,12140.495,12361.874,12579.716,12798.695,13022.786,13254.158,13490.453,13726.95,13965.375,14206.888,14450.658,14699.747,14952.162,15201.228,15451.225,15693.163,15921.092,16149.157,16383.293,16626.984,16892.055,17207.038,17473.005,17619.124,17745.785,17902.009,18058.157,18212.798,18366.994,18522.019,18678.621,18835.83,18992.361,19147.077,19298.546,19446.454,19591.036,19731.668,19868.589,20001.742,20131.015,20256.136,20376.394,20492.046,20602.855,20708.68,20809.581,20905.36,20995.896,21081.165,21161.185,21236.042,21305.27
EGY,20928.82,21367.508,21844.329,22365.56,22922.723,23502.397,24088.06,24686.626,25302.189,25898.453,26555.26,27237.698,27964.098,28709.927,29473.811,30244.032,31014.316,31798.767,32593.953,33402.684,34220.545,35027.434,35839.301,36677.355,37526.73,38412.604,39338.049,40253.065,41244.674,42278.188,43359.068,44541.758,45752.69,47062.532,48510.272,49984.397,51485.539,52927.051,54421.818,55953.545,57467.739,59325.497,60732.498,62228.823,63602.538,64968.64,66336.605,67719.491,69143.99,70742.598,72299.31,73867.258,75436.8,77041.474,78665.622,80289.265,81912.742,83488.064,85064.386,86665.193,88338.078,90054.067,92132.051,94189.952,96477.154,98580.154,100614.53,102674.648,104717.467,106646.72,108459.596,110170.651,111743.365,113493.134,115578.409,117498.106,119233.883,120968.468,122726.765,124490.149,126255.95,128022.693,129801.81,131588.346,133382.864,135192.816,137001.619,138824.907,140652.485,142479.176,144307.351,146119.957,147917.156,149684.406,151410.906,153099.762,154738.616,156333.279,157895.532,159419.247,160903.98
ERI,809.093,820.639,833.412,847.267,862.138,877.905,894.569,912.244,925.351,939.815,961.312,983.781,1007.365,1032.21,1057.974,1084.6,1112.071,1137.842,1166.835,1196.639,1227.372,1259.534,1292.774,1325.695,1359.644,1391.732,1424.688,1462.926,1502.204,1542.552,1584.111,1627.484,1672.395,1718.527,1753.794,1789.667,1825.966,1864.362,1912.976,1963.533,2010.501,2054.973,1784.168,1813.328,1898.685,1929.145,2121.389,2135.539,2168.73,2192.107,2233.454,2260.608,2363.549,2422.407,2565.399,2631.168,2691.261,2715.743,2770.702,2861.953,2913.817,2976.556,3020.414,3053.563,3095.158,3095.187,3115.905,3133.491,3167.203,3218.318,3262.07,3320.471,3379.895,3438.999,3501.78,3569.426,3644.58,3720.758,3799.99,3880.296,3960.648,4044.696,4125.395,4207.632,4291.379,4378.08,4463.765,4555.749,4648.12,4736.567,4824.384,4912.969,4996.007,5082.595,5165.935,5249.805,5335.731,5416.204,5496.798,5578.286,5656.427
ESH,12.371,13.549,14.859,16.209,17.727,19.34,21.075,22.93,24.873,26.959,29.166,31.49,33.961,36.545,39.247,42.07,44.994,48.048,53.2,58.768,64.52,78.935,78.506,77.993,77.299,75.656,58.123,70.855,83.922,97.859,112.104,122.645,131.147,137.815,143.354,148.946,154.573,160.155,165.601,171.215,176.631,182.457,188.144,193.732,199.215,204.621,215.228,227.546,239.999,252.608,265.331,278.556,291.82,305.107,318.461,331.918,345.48,359.815,373.908,387.737,402.177,417.254,432.92,449.141,465.707,479.451,492.993,506.308,519.378,532.186,544.694,554.036,563.202,574.275,585.183,595.829,605.978,615.648,625.017,634.15,643.009,651.95,660.398,668.795,676.845,684.356,691.948,699.201,706.107,712.942,719.595,726.134,732.658,739.004,744.977,750.674,756.162,761.244,766.132,770.478,775.108
ESP,28015.563,28138.534,28291.187,28520.896,28744.498,28971.159,29208.394,29438.945,29700.983,29998.335,30283.079,30526.798,30872.335,31207.876,31551.778,31931.393,32289.943,32641.825,32999.676,33340.565,33653.306,33972.14,34342.762,34736.972,35116.075,35607.448,35984.09,36368.47,36734.07,37075.865,37384.88,37690.249,37935.176,38159.027,38347.461,38527.504,38675.138,38796.273,38907.746,38996.782,39062.333,39107.625,39295.893,39544.798,39758.444,39958.997,40146.478,40328.266,40519.386,40715.495,40910.218,41129.331,41361.868,42149.54,42863.546,43605.586,44312.184,45078.711,45954.303,46515.805,46754.555,46926.388,47069.697,46966.948,46753.83,46686.545,46680.827,46784.715,46952.476,47233.166,47637.072,47721.906,47749.421,47907.344,47915.815,47905.238,47874.678,47826.907,47777.635,47719.497,47652.032,47569.007,47477.971,47389.074,47299.037,47205.242,47103.15,46995.789,46885.829,46774.542,46654.767,46528.581,46397.629,46257.59,46118.256,45963.764,45796.164,45621.797,45437.478,45246.725,45034.599
EST,1094.831,1109.252,1123.144,1136.608,1148.673,1160.935,1172.808,1183.534,1194.023,1206.789,1213.09,1227.816,1242.519,1256.73,1270.782,1285.898,1299.71,1313.166,1326.94,1341.658,1355.746,1367.985,1381.044,1393.38,1405.303,1417.791,1429.216,1440.527,1452.601,1463.846,1472.199,1480.727,1489.951,1499.866,1510.609,1520.61,1529.949,1541.237,1553.272,1564.922,1570.254,1570.353,1560.414,1520.01,1488.674,1462.754,1442.8,1426.502,1416.49,1405.915,1401.24,1392.754,1383.589,1375.281,1366.419,1358.933,1350.762,1342.999,1338.41,1335.738,1333.319,1329.578,1325.137,1320.095,1315.744,1313.16,1315.992,1315.706,1319.143,1324.786,1328.857,1330.482,1333.017,1367.166,1367.226,1353.866,1334.598,1327.526,1320.415,1313.312,1306.302,1299.242,1292.202,1285.229,1278.377,1271.574,1264.968,1258.441,1252.096,1245.92,1239.803,1233.771,1227.69,1221.592,1215.495,1209.291,1203.077,1196.817,1190.507,1184.203,1177.624
ETH,17516.675,17824.149,18153.974,18498.371,18851.182,19224.888,19614.653,20023.117,20324.361,20636.209,21120.0,21633.385,22178.819,22751.434,23351.839,23981.257,24639.967,25265.41,25975.142,26700.718,27444.423,28213.833,28986.379,29762.838,30570.732,31343.814,32102.691,32966.146,33368.398,34100.787,34376.517,34480.512,36127.512,37275.068,38206.566,39264.878,40419.394,41655.917,43264.162,45037.489,46721.892,48497.617,50936.779,52770.716,54647.067,56575.949,58498.721,60436.55,62372.527,64354.521,66394.601,68428.387,70547.137,72723.897,74941.429,77212.983,79521.958,81885.022,84321.413,86765.923,89249.35,91827.677,94472.263,97125.271,99752.231,102478.988,105255.281,108181.043,111151.919,114176.386,117298.379,120536.964,123740.213,127028.36,130355.024,133764.511,137179.59,140624.78,144104.814,147577.709,151094.414,154616.3,158148.556,161699.242,165207.389,168750.198,172315.71,175879.84,179442.436,183029.357,186640.864,190260.94,193876.319,197514.29,201181.682,204847.06,208500.219,212175.477,215871.539,219548.871,223205.803
FIN,3986.63,4030.184,4065.102,4116.567,4162.961,4211.547,4258.846,4305.015,4343.353,4376.407,4413.089,4446.159,4475.831,4507.63,4540.167,4558.007,4570.294,4592.589,4620.71,4633.981,4614.187,4598.423,4625.832,4653.265,4678.564,4702.146,4720.19,4730.483,4746.686,4757.806,4771.072,4787.627,4812.069,4841.695,4869.88,4893.771,4910.75,4925.76,4938.753,4954.504,4974.549,4998.601,5029.159,5055.137,5078.043,5098.874,5116.971,5132.462,5147.388,5159.708,5171.324,5181.079,5194.863,5206.229,5219.681,5236.615,5255.549,5276.944,5300.476,5326.278,5351.435,5375.266,5401.216,5426.727,5451.379,5471.989,5487.446,5503.492,5513.3,5518.173,5525.345,5533.879,5548.271,5590.327,5612.044,5622.577,5624.082,5619.395,5612.606,5605.007,5596.543,5587.559,5577.881,5567.886,5557.384,5546.384,5534.926,5523.166,5511.063,5498.922,5486.585,5474.46,5462.141,5449.89,5437.25,5424.751,5411.949,5399.189,5386.021,5372.55,5358.74
FJI,306.371,312.656,319.591,327.138,335.292,344.197,353.943,364.477,375.35,386.794,398.725,411.05,423.761,437.312,451.241,465.406,479.743,493.231,504.514,515.489,526.105,536.271,545.972,555.026,563.418,571.559,580.253,590.814,604.796,619.386,634.339,649.61,665.332,681.496,698.174,715.257,732.266,746.346,754.735,762.66,769.982,776.65,782.662,788.03,792.708,796.834,800.658,806.921,817.356,827.159,836.497,845.321,853.871,862.228,870.344,878.388,886.37,894.361,901.303,905.495,908.983,911.855,914.122,915.715,916.99,918.179,918.977,919.355,918.162,916.198,913.601,916.325,917.097,921.747,926.544,931.024,935.285,939.278,943.374,947.362,951.202,955.011,958.388,961.759,964.953,968.109,971.148,974.16,977.152,979.963,982.6,985.116,987.732,989.92,991.823,993.675,995.239,996.71,997.964,999.156,999.936
FLK,2.18,2.2,2.206,2.217,2.191,2.182,2.187,2.192,2.206,2.229,2.249,2.275,2.301,2.307,2.303,2.303,2.294,2.296,2.284,2.276,2.277,2.273,2.272,2.282,2.283,2.291,2.296,2.301,2.287,2.274,2.257,2.246,2.247,2.247,2.25,2.242,2.24,2.242,2.275,2.304,2.335,2.357,2.433,2.529,2.62,2.719,2.816,2.88,2.943,3.008,3.067,3.127,3.16,3.179,3.198,3.211,3.223,3.231,3.23,3.217,3.206,3.189,3.177,3.224,3.305,3.373,3.442,3.515,3.521,3.521,3.512,3.499,3.497,3.483,3.47,3.471,3.467,3.463,3.458,3.442,3.427,3.416,3.408,3.396,3.386,3.376,3.358,3.352,3.335,3.335,3.325,3.31,3.296,3.287,3.267,3.259,3.242,3.231,3.216,3.202,3.185
FRA,41651.596,42114.642,42552.682,43007.864,43447.895,43905.901,44366.28,44810.758,45261.995,45725.001,46202.525,46653.742,47133.928,47571.317,48064.331,48573.843,48971.817,49397.495,49752.323,50142.179,50568.411,51057.739,51528.379,51959.368,52365.052,52644.423,52848.227,53069.998,53324.277,53535.059,53786.732,54095.39,54414.634,54750.181,55028.634,55324.604,55609.696,55895.971,56200.757,56522.94,56847.224,57133.253,57409.877,57699.863,57902.67,58097.063,58287.343,58473.94,58663.38,58894.252,59274.168,59693.265,60116.99,60537.506,60944.745,61405.748,61844.316,62255.359,62609.519,62950.861,63262.065,63572.66,63894.894,64222.037,64553.431,64831.554,65001.118,65172.593,65396.959,65642.126,65816.792,65993.763,66173.332,66381.485,66496.159,66600.902,66700.707,66792.094,66884.429,66972.843,67063.815,67151.567,67238.143,67325.816,67412.827,67503.472,67592.419,67678.212,67764.008,67839.845,67906.961,67970.847,68034.303,68093.417,68138.155,68176.01,68205.899,68223.446,68234.708,68235.871,68226.879
FRO,31.514,31.814,31.992,32.039,32.048,32.088,32.136,32.512,32.94,33.407,33.896,34.359,34.756,35.17,35.612,36.083,36.611,37.022,37.381,37.739,38.074,38.463,38.943,39.402,39.871,40.341,40.794,41.245,41.692,42.244,42.798,43.345,43.906,44.436,44.905,45.377,45.778,46.225,46.692,47.215,47.803,47.191,46.441,45.604,44.665,43.676,44.0,44.354,44.726,45.062,45.369,45.956,46.524,47.13,47.717,48.318,48.403,48.452,48.496,48.5,48.477,47.862,48.006,48.176,48.383,48.598,49.189,49.856,50.63,51.438,52.245,52.928,53.672,54.35,55.077,55.722,56.281,56.772,57.248,57.633,58.03,58.383,58.743,59.062,59.385,59.666,59.936,60.205,60.459,60.694,60.926,61.153,61.388,61.604,61.82,62.037,62.231,62.425,62.636,62.801,62.947
FSM,31.656,32.556,33.45,34.41,35.412,36.43,37.518,38.641,39.796,41.019,42.299,43.823,45.397,47.038,48.45,49.913,51.454,53.061,54.632,56.282,58.009,59.835,61.438,63.117,64.855,66.642,68.215,69.882,71.624,73.885,76.223,78.591,80.998,83.44,85.919,88.433,90.981,93.552,96.135,98.058,99.948,101.829,103.678,105.935,108.197,109.953,110.507,110.914,111.228,111.527,111.832,112.256,112.475,112.421,112.149,111.702,111.122,110.336,109.425,108.448,107.467,107.612,107.784,107.996,108.245,108.547,108.884,109.265,109.698,110.121,110.443,111.39,111.859,112.368,112.893,113.428,113.938,114.427,114.972,115.525,116.074,116.625,117.181,117.746,118.292,118.868,119.418,119.937,120.483,120.979,121.445,121.917,122.392,122.862,123.356,123.824,124.305,124.774,125.244,125.726,126.179
GAB,471.475,474.209,477.067,480.11,483.393,486.908,490.725,494.846,499.294,504.162,509.448,515.184,521.348,527.949,534.955,542.359,550.258,558.668,567.548,576.966,589.586,602.105,614.592,627.328,640.663,654.718,669.676,685.58,702.387,720.102,738.647,758.131,778.64,799.932,822.079,844.923,868.529,892.88,918.077,943.964,970.311,997.157,1024.48,1052.281,1080.528,1108.913,1137.512,1166.518,1196.361,1227.11,1258.923,1292.222,1326.955,1363.315,1401.384,1441.833,1485.157,1531.517,1580.958,1633.392,1689.72,1750.038,1813.931,1879.848,1946.269,2010.53,2071.449,2129.163,2184.637,2239.998,2295.413,2349.665,2403.779,2457.715,2511.862,2566.041,2620.218,2674.581,2729.121,2783.832,2838.86,2894.474,2950.527,3007.084,3064.323,3122.12,3180.815,3240.352,3300.243,3360.766,3421.991,3483.986,3546.448,3609.034,3672.089,3735.5,3799.358,3863.062,3926.629,3989.946,4052.998
GBR,49931.042,50310.992,50382.639,50609.83,50844.243,51072.256,51281.239,51519.68,51792.143,52079.145,52373.797,52703.3,53066.597,53479.064,53826.808,54191.461,54526.58,54826.108,55121.214,55360.077,55552.336,55775.266,56005.478,56153.0,56224.583,56224.516,56215.769,56186.507,56165.152,56185.961,56251.565,56312.641,56296.542,56288.967,56375.148,56527.479,56685.35,56818.495,56953.552,57099.541,57264.731,57470.993,57639.391,57799.152,57922.922,58083.484,58225.785,58371.345,58522.833,58730.806,58946.508,59168.168,59408.012,59673.514,59967.256,60372.678,60819.538,61282.651,61789.058,62265.555,62746.896,63266.07,63752.501,64168.467,64610.309,65121.524,65642.696,66144.02,66564.922,66940.028,67281.888,67421.835,67915.749,68442.882,68923.043,69353.34,69749.323,70113.733,70473.428,70812.52,71130.153,71443.831,71731.017,72006.293,72279.467,72531.902,72781.728,73014.781,73237.165,73459.216,73670.7,73878.553,74082.149,74280.977,74480.147,74664.99,74842.325,75009.242,75168.969,75314.991,75445.817
GEO,3476.104,3518.779,3563.693,3609.875,3658.072,3707.374,3760.687,3818.47,3880.583,3946.666,4016.722,4090.878,4167.179,4244.219,4321.367,4395.282,4463.362,4542.666,4623.237,4703.931,4782.125,4825.985,4860.306,4894.248,4927.769,4961.5,4997.318,5034.523,5072.579,5111.013,5146.334,5184.758,5225.302,5267.646,5312.714,5355.799,5397.994,5440.272,5481.761,5518.719,5480.562,5417.173,5341.846,5246.528,5111.032,4981.511,4869.975,4755.575,4635.138,4517.764,4393.402,4263.314,4155.959,4099.734,4071.232,4040.915,4011.347,3981.836,3953.344,3929.047,3908.834,3883.015,3854.433,3823.983,3794.267,3791.564,3791.581,3792.533,3793.185,3796.569,3796.876,3794.48,3782.422,3807.145,3807.839,3807.501,3805.841,3803.442,3800.213,3797.206,3792.815,3788.269,3782.741,3777.995,3773.024,3767.124,3761.277,3754.272,3747.809,3741.525,3736.071,3729.642,3724.559,3719.345,3713.503,3707.559,3700.43,3692.544,3684.706,3676.483,3668.43
GGY,44.29,45.603,46.043,46.154,46.261,46.359,46.431,46.565,46.751,46.895,47.063,47.266,47.703,48.283,48.948,49.631,50.309,50.994,51.735,52.479,53.241,54.027,54.281,54.287,54.327,54.319,54.23,54.163,54.117,54.059,53.967,53.891,54.167,54.537,54.964,55.46,55.948,56.53,57.167,57.829,58.544,59.258,59.503,59.519,59.493,59.428,59.326,59.449,59.66,59.895,60.15,60.387,60.536,60.633,60.73,60.823,60.932,61.041,61.162,61.294,61.438,61.587,61.767,61.946,62.1,62.217,62.258,62.123,62.266,62.597,62.97,63.241,63.586,63.865,64.169,64.391,64.562,64.657,64.744,64.793,64.82,64.827,64.826,64.818,64.8,64.757,64.693,64.626,64.552,64.473,64.377,64.276,64.174,64.049,63.922,63.783,63.632,63.486,63.31,63.115,62.907
GHA,5009.148,5152.18,5306.068,5468.925,5639.014,5819.842,6010.005,6209.213,6415.789,6624.523,6846.558,7075.871,7249.462,7425.288,7604.14,7787.337,7977.875,8171.167,8372.659,8578.8,8801.966,9049.659,9302.869,9573.505,9855.728,10145.319,10443.298,10746.528,11077.213,11419.687,11774.824,12108.072,12455.352,12832.286,13227.387,13513.792,13808.667,14121.766,14456.449,14816.687,15196.938,15592.359,15982.633,16387.078,16791.96,17194.419,17603.614,18016.749,18461.166,18914.907,19384.822,19889.352,20444.785,21013.991,21579.419,22157.177,22741.699,23339.705,23944.853,24555.039,25170.29,25779.699,26410.477,27058.06,27714.325,28368.86,29023.275,29690.208,30326.5,30948.669,31569.221,32206.397,32830.933,33467.371,34108.457,34746.37,35382.175,36012.939,36643.587,37275.041,37904.379,38539.799,39173.807,39811.78,40453.67,41094.641,41730.468,42364.444,42999.906,43630.048,44255.669,44881.031,45500.24,46116.959,46726.971,47333.745,47934.802,48528.418,49118.5,49698.519,50270.362
GIB,21.786,21.526,21.398,21.542,21.645,21.754,21.816,21.876,21.888,21.883,21.854,21.824,21.919,22.475,23.032,23.598,24.158,24.729,25.3,25.855,26.386,26.882,27.159,27.42,27.653,27.856,28.046,28.223,28.377,28.515,28.634,28.717,28.763,28.767,28.699,28.587,28.437,28.22,27.972,27.706,27.381,27.019,26.777,26.98,27.159,27.319,27.435,27.539,27.625,27.675,27.709,27.709,27.605,28.057,28.491,28.939,29.388,29.8,30.213,30.612,31.034,31.462,31.858,32.2,32.615,33.011,33.374,33.943,34.546,35.162,35.826,36.52,37.197,38.022,38.919,39.739,40.513,41.22,41.902,42.55,43.17,43.749,44.318,44.844,45.341,45.801,46.233,46.625,46.994,47.364,47.68,47.964,48.214,48.455,48.664,48.879,49.068,49.24,49.43,49.578,49.737
GIN,2988.965,3037.39,3086.556,3136.806,3188.239,3240.882,3294.838,3350.162,3407.146,3465.718,3525.828,3587.67,3651.432,3717.114,3784.795,3854.65,3926.783,4001.526,4078.781,4158.318,4238.281,4316.79,4393.611,4468.972,4543.675,4617.345,4690.406,4763.638,4838.618,4917.089,5001.476,5093.363,5193.214,5302.129,5417.499,5542.692,5678.053,5823.283,5977.112,6136.035,6295.588,6573.16,6821.171,7007.561,7248.794,7441.42,7665.079,7874.991,7987.749,8176.231,8354.015,8503.648,8576.272,8771.859,8969.704,9155.747,9335.942,9546.399,9778.162,10019.577,10267.492,10524.68,10788.94,11054.221,11329.525,11616.323,11917.817,12228.243,12543.075,12866.473,13202.219,13540.147,13880.879,14229.395,14581.541,14928.03,15271.424,15612.561,15955.617,16297.532,16635.98,16978.314,17316.953,17654.831,17989.573,18319.24,18652.786,18988.945,19322.562,19656.175,19991.541,20329.959,20664.099,20997.204,21329.793,21654.309,21980.18,22303.19,22623.035,22937.072,23248.154
GLP,214.42,216.61,222.514,228.749,235.189,241.582,247.981,254.572,261.356,268.389,275.675,283.179,289.591,294.416,298.654,302.581,306.546,310.451,313.841,315.95,317.533,318.689,319.465,319.882,320.115,321.03,323.884,326.718,328.696,329.914,330.862,331.559,333.453,338.181,344.584,351.395,358.392,365.437,372.469,379.512,386.097,391.529,396.034,400.282,404.357,408.29,412.078,415.772,419.4,421.531,420.333,418.802,416.865,414.65,412.187,409.521,406.632,407.806,408.786,409.172,408.812,408.812,409.295,409.01,407.713,405.568,402.333,406.934,418.451,411.909,408.604,406.184,392.118,377.277,375.756,374.456,373.126,371.78,370.355,368.778,367.175,365.511,363.802,362.083,360.47,358.681,357.074,355.547,353.807,351.951,349.96,348.016,345.903,343.855,341.669,339.531,337.144,334.903,332.491,330.16,327.594
GMB,302.972,310.499,318.484,326.792,335.386,344.239,353.34,362.72,372.371,382.377,392.711,403.408,414.452,425.873,437.641,449.733,462.17,474.862,488.314,502.224,516.657,531.553,547.223,563.517,580.466,597.704,615.937,635.396,656.144,678.062,701.5,726.327,751.924,779.581,809.469,841.793,875.955,912.084,950.097,990.224,1032.491,1076.9,1123.018,1168.147,1208.583,1245.87,1282.755,1320.066,1357.713,1396.261,1435.297,1474.872,1515.15,1556.232,1598.991,1643.632,1690.442,1740.109,1791.438,1844.266,1898.579,1954.68,2012.887,2073.302,2134.337,2194.719,2254.339,2313.2,2371.178,2428.086,2485.602,2545.865,2606.154,2666.786,2728.905,2791.07,2853.116,2915.043,2976.719,3038.374,3099.662,3160.605,3221.388,3282.261,3342.932,3403.31,3463.541,3523.611,3583.455,3643.547,3703.133,3762.462,3821.139,3879.933,3938.12,3995.706,4052.768,4109.171,4165.234,4220.464,4274.964
GNB,539.731,547.523,551.951,555.873,559.377,562.578,565.559,568.381,571.103,573.743,576.325,578.94,586.124,592.824,596.011,581.075,568.936,564.879,573.143,583.197,580.023,588.782,583.659,589.58,596.035,630.642,671.29,717.091,766.488,816.901,822.834,835.771,849.092,862.69,876.494,890.544,904.851,919.402,934.323,949.799,965.78,981.559,1007.72,1040.992,1076.497,1107.564,1132.335,1154.735,1176.355,1198.59,1221.822,1247.659,1274.887,1303.728,1333.884,1365.241,1397.93,1432.675,1469.296,1506.813,1545.941,1586.752,1629.401,1673.432,1718.514,1763.731,1809.182,1854.605,1899.538,1944.797,1990.595,2035.915,2081.768,2129.29,2177.388,2225.316,2273.714,2321.902,2370.476,2417.984,2465.18,2512.689,2561.111,2610.045,2659.371,2706.806,2753.459,2802.321,2850.015,2897.852,2946.122,2993.283,3039.806,3086.533,3133.327,3180.096,3228.401,3274.534,3322.6,3369.127,3416.008
GNQ,224.54,228.585,232.645,236.722,240.87,245.08,249.35,253.705,258.124,262.65,267.342,272.271,277.52,283.052,288.878,295.007,301.469,308.249,315.361,322.336,322.697,318.909,312.97,305.966,298.597,291.309,284.494,277.567,275.991,277.07,282.623,294.664,311.839,332.594,354.247,375.552,395.542,413.915,431.129,448.173,465.444,483.104,501.331,520.209,539.837,560.439,582.088,604.896,628.89,654.058,680.37,726.188,773.483,822.431,873.294,926.539,968.195,1012.491,1059.597,1109.463,1161.883,1216.287,1267.384,1319.582,1372.854,1426.801,1481.045,1535.327,1589.464,1643.38,1696.974,1735.963,1781.61,1825.48,1869.618,1915.415,1961.447,2007.489,2054.02,2100.505,2146.899,2193.991,2242.177,2291.883,2340.115,2389.59,2438.949,2488.829,2539.087,2590.619,2640.231,2690.94,2740.024,2789.528,2838.018,2887.019,2935.451,2982.742,3028.377,3074.605,3120.671
GRC,7620.258,7681.9,7743.841,7807.243,7875.297,7946.437,8022.984,8098.992,8174.956,8255.035,8340.386,8428.597,8465.407,8481.345,8495.405,8512.599,8530.127,8629.856,8680.457,8755.377,8738.768,8756.784,8817.291,8881.465,8905.335,8952.893,9081.04,9239.378,9324.664,9455.269,9596.738,9710.09,9798.714,9876.226,9946.76,10010.804,10063.27,10114.255,10154.814,10199.199,10236.879,10280.095,10333.193,10386.596,10438.905,10493.614,10544.855,10595.305,10649.345,10701.473,10754.428,10810.842,10875.485,10905.086,10931.856,10962.875,10999.792,11032.415,11059.058,11094.686,11121.452,11127.888,11089.799,11006.796,10928.285,10858.048,10783.757,10767.251,10739.816,10721.871,10715.28,10683.458,10475.664,10349.296,10136.521,9959.112,9918.577,9875.654,9832.294,9788.257,9744.085,9699.882,9655.353,9608.957,9563.916,9519.145,9473.853,9429.486,9385.01,9340.772,9297.351,9253.875,9210.757,9168.644,9125.314,9080.715,9035.934,8990.365,8941.04,8891.189,8838.461
GRD,77.018,77.504,78.363,79.505,80.928,82.624,84.646,86.962,89.332,91.498,93.348,94.767,95.904,96.846,97.544,97.976,98.157,98.086,98.046,98.109,98.3,98.528,98.768,98.786,98.631,98.34,97.912,97.351,96.684,95.925,95.055,94.021,94.083,94.684,95.212,95.784,96.438,97.143,97.909,98.708,99.533,100.381,101.205,101.998,102.766,103.509,104.229,104.939,105.648,106.37,107.084,107.818,108.156,108.653,109.115,109.53,109.939,110.33,110.713,111.079,111.429,111.743,112.415,113.134,113.84,114.423,114.929,115.331,115.545,115.837,116.126,116.556,116.819,117.007,117.155,117.26,117.347,117.377,117.418,117.429,117.461,117.472,117.473,117.431,117.382,117.288,117.2,117.069,116.934,116.799,116.605,116.382,116.147,115.878,115.586,115.291,114.955,114.588,114.22,113.841,113.454
GRL,22.958,23.459,23.87,24.478,25.138,25.857,26.664,27.698,28.826,30.055,31.4,32.809,34.025,35.265,36.543,37.876,39.237,40.697,42.098,43.463,44.811,46.119,46.881,47.635,48.319,48.925,49.418,49.764,49.746,49.755,49.808,50.413,51.024,51.654,52.28,52.943,53.479,54.0,54.531,55.068,55.567,55.694,55.747,55.759,55.758,55.742,55.937,56.061,56.138,56.161,56.098,56.319,56.503,56.681,56.842,56.971,56.928,56.837,56.727,56.595,56.448,56.781,56.888,56.668,56.358,55.988,56.054,56.068,56.074,56.073,56.095,56.064,56.019,55.962,55.883,55.796,55.693,55.564,55.432,55.3,55.134,54.967,54.789,54.573,54.354,54.126,53.874,53.621,53.35,53.088,52.815,52.529,52.255,51.979,51.695,51.408,51.124,50.847,50.561,50.282,50.026
GTM,3058.262,3136.134,3218.6,3304.704,3392.916,3485.289,3581.324,3681.04,3784.446,3889.606,4003.383,4123.926,4248.476,4375.613,4504.915,4637.304,4772.626,4909.29,5048.434,5187.789,5326.373,5467.558,5609.153,5756.514,5906.748,6055.646,6201.816,6322.993,6480.036,6643.032,6812.563,6987.862,7163.433,7317.049,7522.236,7739.129,7960.257,8181.379,8411.59,8652.608,8898.484,9151.062,9394.105,9650.428,9909.093,10178.342,10447.65,10719.403,10996.106,11282.184,11563.746,11831.438,12107.406,12386.425,12665.258,12949.546,13225.711,13509.206,13794.874,14075.474,14355.748,14644.477,14939.774,15239.519,15535.156,15828.294,16115.192,16422.328,16712.386,16978.984,17228.621,17486.03,17711.271,17984.483,18265.192,18547.526,18828.237,19107.719,19384.296,19658.715,19931.643,20202.863,20471.896,20738.872,21003.307,21265.039,21523.435,21777.251,22026.67,22271.744,22510.425,22743.315,22970.212,23191.477,23407.003,23617.034,23821.143,24019.767,24211.714,24399.586,24582.441
GUF,23.248,23.544,23.85,24.16,24.508,24.942,25.932,26.987,28.095,29.253,30.45,31.717,33.031,34.525,36.102,37.794,39.568,41.387,43.088,44.278,45.578,46.98,48.458,49.98,51.485,53.335,55.591,57.871,60.205,62.601,65.075,67.622,70.263,74.281,78.855,83.625,88.578,93.735,99.084,104.651,110.479,114.892,119.07,123.427,127.866,132.371,136.895,141.443,146.003,150.741,156.735,164.506,172.554,180.865,189.318,197.979,206.915,215.027,223.192,229.002,232.406,236.723,242.317,249.227,257.255,263.846,268.879,273.653,278.636,283.287,287.849,290.262,295.769,300.843,305.961,311.084,316.247,321.496,326.95,332.63,338.583,344.881,351.205,357.588,363.969,370.404,376.828,383.301,389.828,396.339,402.873,409.464,415.992,422.519,429.111,435.739,442.312,448.928,455.498,462.055,468.639
GUM,60.531,61.022,61.576,62.188,62.891,63.652,64.504,65.436,66.45,67.529,68.674,70.377,72.244,74.141,76.049,77.968,79.896,81.791,83.648,85.478,87.331,89.399,91.534,93.704,95.859,98.02,100.094,102.238,104.358,106.489,108.784,111.497,114.307,117.115,119.902,122.703,125.53,128.399,131.318,134.281,137.318,139.902,142.245,144.54,146.767,148.968,151.141,153.198,155.232,157.242,159.336,160.794,161.865,162.765,163.508,164.111,164.62,165.058,165.476,165.91,166.436,166.607,166.479,166.182,165.751,165.221,164.588,163.879,163.101,162.258,161.358,162.958,164.502,165.858,167.155,168.399,169.598,170.772,171.905,173.018,174.107,175.162,176.192,177.173,178.098,179.008,179.871,180.735,181.548,182.38,183.202,184.039,184.825,185.648,186.434,187.267,188.095,188.861,189.617,190.356,191.099
GUY,412.752,423.324,434.877,447.613,461.496,476.445,492.282,508.868,526.134,544.008,562.125,576.161,588.975,601.946,615.128,628.401,641.855,655.438,669.184,683.137,697.31,708.099,717.225,726.01,734.265,741.848,748.938,755.568,761.74,767.431,772.693,776.041,776.866,776.557,775.225,772.997,769.957,766.239,762.002,757.325,752.405,747.382,748.34,751.482,754.447,757.196,759.579,761.473,763.016,764.155,764.811,764.853,764.102,763.202,763.001,761.835,759.993,757.94,755.781,753.432,750.756,747.757,744.549,748.028,752.015,756.443,761.119,765.977,770.98,812.131,803.199,811.764,819.2,824.074,828.632,833.541,838.431,843.349,848.69,853.625,858.463,863.612,868.549,873.921,878.772,883.676,888.195,892.464,896.847,901.19,905.452,909.561,913.893,917.734,921.436,924.807,927.899,931.06,933.913,936.754,939.377
HKG,1933.854,2022.831,2116.13,2213.467,2315.19,2422.04,2534.355,2654.159,2780.208,2910.793,3038.295,3151.386,3001.929,2776.24,2548.962,3723.095,3987.746,4042.857,2905.399,3225.255,3565.786,3914.046,4064.426,4169.819,4276.674,4384.771,4491.985,4598.279,4702.702,4805.435,4909.906,5015.062,5106.849,5193.339,5276.874,5355.084,5431.159,5471.707,5501.036,5528.761,5552.387,5568.807,5687.381,5831.732,5973.294,6111.229,6242.978,6361.95,6471.397,6571.272,6661.777,6747.551,6800.926,6841.891,6875.922,6900.405,6916.567,6945.613,6997.077,7044.3,7084.633,7118.601,7167.338,7234.784,7293.886,7345.115,7387.704,7428.315,7461.468,7480.919,7490.707,7489.764,7479.439,7452.391,7433.078,7396.741,7395.411,7361.793,7348.288,7301.514,7271.722,7233.572,7189.876,7154.466,7115.641,7084.327,7018.925,6967.158,6939.096,6875.544,6847.05,6786.086,6723.591,6650.619,6595.028,6533.18,6464.2,6391.676,6293.804,6217.96,6130.903
HND,1538.107,1579.768,1623.205,1668.458,1715.472,1764.159,1814.622,1866.709,1920.454,1975.847,2032.793,2091.327,2151.158,2212.971,2276.786,2342.924,2411.389,2482.112,2555.185,2630.928,2709.649,2791.78,2877.452,2966.677,3056.242,3143.43,3243.038,3345.876,3451.433,3559.494,3670.469,3783.877,3899.678,4017.778,4138.57,4261.131,4385.554,4512.244,4641.577,4773.778,4909.899,5051.077,5196.507,5346.354,5500.144,5658.34,5820.935,5986.973,6155.936,6312.927,6487.999,6667.546,6848.44,7029.277,7209.149,7388.84,7567.869,7745.795,7923.802,8101.372,8278.425,8453.33,8627.836,8802.317,8976.238,9150.007,9324.603,9500.157,9676.116,9854.305,10032.962,10206.319,10373.434,10554.31,10735.392,10916.015,11095.684,11273.836,11450.632,11626.092,11799.662,11970.977,12140.086,12307.037,12471.718,12634.01,12794.218,12951.936,13107.05,13260.009,13410.505,13558.801,13705.022,13848.894,13990.44,14129.601,14266.291,14400.274,14531.416,14659.657,14785.303
HRV,3840.125,3889.855,3933.487,3981.341,4030.902,4065.326,4096.145,4124.103,4149.305,4172.079,4192.107,4208.421,4238.433,4271.595,4302.938,4332.577,4360.834,4387.769,4412.769,4434.886,4454.007,4471.34,4488.984,4506.798,4524.718,4543.188,4562.273,4581.227,4600.018,4618.021,4635.897,4651.896,4676.621,4701.691,4724.077,4744.898,4764.211,4781.892,4798.526,4813.538,4827.927,4842.204,4808.11,4756.355,4703.13,4647.898,4590.822,4533.776,4475.466,4415.869,4355.775,4296.434,4305.715,4305.848,4307.524,4312.587,4315.305,4316.295,4315.614,4313.647,4307.414,4294.877,4266.771,4251.702,4233.093,4205.865,4161.592,4111.295,4047.105,4002.631,3970.038,3937.878,3911.342,3902.712,3889.335,3861.315,3835.005,3809.685,3785.02,3761.579,3737.606,3713.934,3689.424,3665.496,3642.027,3618.521,3595.91,3572.834,3548.692,3524.543,3500.453,3476.165,3451.384,3426.487,3401.429,3375.718,3350.188,3324.829,3298.94,3273.067,3247.185
HTI,3241.688,3289.727,3340.111,3392.414,3447.267,3503.789,3563.699,3625.907,3689.727,3755.692,3823.685,3893.202,3964.857,4038.292,4107.843,4184.645,4262.996,4342.282,4423.716,4506.941,4591.727,4678.522,4767.967,4859.769,4953.717,5049.874,5148.297,5248.417,5350.535,5454.625,5560.555,5668.432,5779.018,5892.856,6009.336,6129.124,6252.6,6379.643,6510.602,6645.687,6783.772,6925.11,7065.791,7207.351,7349.01,7490.532,7634.56,7780.554,7928.042,8076.244,8226.348,8379.954,8531.882,8683.4,8836.423,8984.103,9138.443,9294.681,9451.911,9609.638,9769.523,9837.065,9992.742,10146.799,10297.926,10448.544,10597.939,10744.975,10890.533,11034.192,11176.134,11311.562,11437.61,11569.602,11705.195,11839.919,11972.272,12102.74,12232.873,12361.716,12489.161,12615.557,12740.411,12864.008,12985.751,13105.866,13224.134,13340.684,13455.448,13568.808,13679.423,13788.282,13895.674,14000.974,14103.737,14204.061,14301.872,14397.34,14490.129,14580.779,14668.218
HUN,9292.416,9383.345,9463.002,9544.852,9644.11,9765.061,9881.352,9826.625,9849.23,9912.125,9961.557,10005.191,10047.836,10068.296,10099.386,10129.356,10152.882,10187.927,10225.694,10263.394,10299.784,10330.502,10357.436,10391.171,10423.707,10484.119,10547.185,10600.358,10645.921,10674.455,10702.05,10688.683,10669.975,10642.257,10603.721,10564.935,10529.595,10492.601,10457.609,10423.453,10383.388,10379.174,10377.178,10365.77,10347.97,10331.904,10313.672,10290.798,10266.405,10237.028,10202.563,10178.636,10154.744,10122.187,10095.739,10075.843,10055.569,10044.317,10023.846,10009.468,9993.288,9964.969,9928.384,9904.862,9873.831,9851.853,9826.569,9794.495,9776.714,9772.073,9768.62,9730.293,9685.406,9683.205,9689.722,9662.547,9602.027,9569.609,9536.874,9502.902,9467.311,9430.919,9393.892,9356.146,9318.047,9279.4,9240.406,9201.827,9162.703,9124.595,9086.323,9048.911,9012.24,8976.079,8941.05,8906.444,8871.984,8838.286,8805.212,8773.05,8741.023
IDN,68080.719,69517.331,71055.274,72697.591,74440.697,76294.041,78252.973,80312.125,82469.544,84715.981,87069.757,89522.383,92060.115,94691.585,97411.263,100256.234,102474.027,105111.48,107941.306,110958.706,114076.572,117238.417,120428.988,123650.694,126926.336,130183.753,133503.942,136843.369,140223.713,143682.614,147187.053,150714.026,154256.043,157848.262,161454.501,165047.747,168504.623,171845.506,175176.802,178533.329,181869.93,185132.265,188424.211,191663.277,194947.058,198236.597,201539.517,204869.178,208203.012,211450.565,214558.771,217596.809,220598.994,223577.996,226518.019,229335.279,232408.021,235495.283,238629.392,241686.415,244753.641,247857.003,251083.061,254313.989,257390.944,260363.854,263234.644,266020.192,268673.124,271230.569,273748.193,275881.538,277634.568,280026.489,282353.644,284622.217,286820.254,288953.311,291019.733,293013.824,294942.394,296810.902,298628.594,300392.729,302109.24,303767.906,305365.338,306904.858,308387.977,309804.919,311157.321,312437.47,313645.852,314776.713,315831.911,316804.92,317694.306,318498.841,319225.198,319884.107,320462.393
IMN,54.956,55.221,54.911,54.374,53.767,53.123,52.429,51.688,50.92,50.13,49.297,48.439,48.463,48.913,49.389,49.861,50.318,51.179,52.303,53.478,54.669,55.93,56.924,57.809,58.703,59.574,60.344,61.156,61.977,62.82,63.658,64.494,64.698,64.675,64.586,64.47,64.332,65.059,66.134,67.227,68.353,69.479,70.138,70.569,70.974,71.362,71.664,72.431,73.387,74.334,75.247,76.071,76.881,77.67,78.428,79.156,79.875,80.713,81.58,82.479,83.4,84.346,84.419,84.25,84.033,83.752,83.434,83.498,83.72,83.891,84.022,84.105,84.106,84.158,84.173,84.148,84.089,84.02,83.906,83.797,83.656,83.524,83.353,83.193,83.015,82.818,82.595,82.36,82.122,81.879,81.621,81.374,81.075,80.744,80.411,80.049,79.701,79.36,78.988,78.611,78.192
IND,342592.267,349965.375,357774.738,365975.067,374234.08,383140.196,392261.577,401716.229,410791.546,420763.337,430798.0,441182.676,451946.781,462619.398,473657.752,484801.444,495478.848,506001.646,517211.097,528222.68,539538.407,552190.129,564002.646,576961.637,589969.558,604113.224,618505.846,633217.92,648384.286,663072.172,679239.321,695468.73,711923.769,728703.177,746042.184,763708.714,781586.872,799793.084,818069.456,836616.524,855462.534,874481.909,893373.292,912540.848,931695.926,950631.609,969970.478,989386.439,1008881.084,1028449.076,1048002.57,1067842.896,1087954.254,1107246.507,1126359.505,1145623.522,1163729.122,1182028.657,1199323.384,1216538.543,1234510.963,1252452.165,1269997.744,1287351.261,1304307.76,1320246.623,1335802.372,1352086.22,1367228.58,1382089.548,1395971.076,1409264.315,1419143.477,1431702.948,1444436.244,1457435.338,1470295.711,1482955.442,1495373.906,1507491.573,1519355.889,1530921.8,1542159.403,1553054.846,1563593.314,1573783.392,1583606.199,1593044.519,1602029.495,1610571.802,1618706.679,1626453.399,1633785.338,1640685.377,1647145.162,1653228.062,1658907.103,1664189.68,1669066.613,1673552.839,1677686.95
IRL,2898.772,2926.536,2947.192,2935.733,2922.428,2907.919,2891.157,2876.352,2861.846,2846.153,2832.282,2823.097,2826.288,2836.703,2849.365,2864.968,2881.337,2896.437,2914.403,2931.186,2950.319,2972.488,3013.753,3060.553,3108.316,3156.039,3204.198,3252.605,3302.907,3355.459,3396.143,3434.336,3463.317,3487.755,3507.46,3524.449,3538.092,3545.643,3535.118,3515.073,3507.068,3520.968,3547.552,3569.29,3582.954,3597.359,3624.035,3652.983,3691.602,3730.545,3775.33,3829.84,3896.122,3960.764,4025.106,4107.023,4203.545,4334.01,4453.016,4518.983,4548.521,4569.639,4589.566,4610.698,4638.675,4677.802,4727.172,4779.834,4840.687,4904.424,4962.558,5002.655,5054.196,5165.835,5227.425,5282.61,5333.468,5380.432,5425.344,5467.898,5507.049,5543.138,5578.18,5612.0,5643.415,5673.181,5700.556,5727.845,5755.114,5781.397,5805.333,5829.807,5853.165,5873.31,5891.627,5909.238,5924.634,5937.026,5948.677,5959.674,5967.553
IRN,16307.928,16713.177,17129.372,17559.495,17996.734,18455.664,18945.94,19462.832,19990.852,20542.169,21151.382,21789.486,22461.965,23153.849,23884.162,24641.556,25432.4,26226.14,27030.725,27844.056,28702.907,29587.292,30470.849,31371.508,32308.167,33284.759,34321.187,35353.355,36513.006,37740.063,39109.842,40574.806,43403.818,45140.463,46918.607,48669.389,50495.189,52396.901,54250.084,55895.305,57514.522,59245.661,60728.2,61641.766,61165.321,61875.875,62535.259,63227.34,64051.936,64987.782,65902.999,66934.319,67969.691,68052.943,69485.737,71026.895,72630.015,74155.479,75049.816,75978.591,76937.059,77904.626,78862.571,79878.588,80950.783,82053.308,83185.416,84439.04,85614.468,86621.528,87481.767,87965.119,88945.856,90102.637,91114.777,92020.698,92814.664,93522.331,94154.96,94725.087,95245.11,95728.223,96193.233,96637.689,97063.614,97478.485,97880.019,98270.632,98646.979,99009.66,99355.945,99692.61,100014.826,100319.326,100604.859,100870.326,101110.9,101328.477,101519.547,101684.311,101812.773
IRQ,5596.621,5710.08,5838.178,5987.835,6140.661,6298.271,6434.286,6580.714,6686.037,6797.318,6943.441,7100.663,7288.443,7539.307,7796.549,8062.584,8341.697,8628.511,8929.227,9240.806,9565.906,9905.315,10250.303,10610.024,10981.714,11353.807,11733.472,12121.83,12540.262,12966.449,13374.282,13809.701,14203.062,14609.103,15072.006,15549.459,15817.401,16330.889,16711.208,17106.429,17622.656,17539.755,17994.752,18606.938,19795.452,20484.162,21167.559,21835.084,22518.103,23250.696,24022.358,24825.754,25569.927,26443.192,27162.125,27993.632,28821.265,28411.764,28371.45,29570.621,30545.791,31544.941,32777.906,34531.779,36032.199,37067.919,38053.15,38886.104,39788.603,40742.646,41641.695,42591.514,43550.907,44590.195,45557.903,46526.127,47515.421,48499.453,49475.393,50446.504,51440.155,52434.261,53434.479,54472.301,55497.957,56527.323,57544.505,58598.968,59619.538,60644.924,61704.428,62741.994,63756.337,64765.349,65748.645,66726.893,67681.461,68618.661,69577.509,70522.727,71476.409
ISL,141.037,144.298,146.542,148.983,152.5,156.026,159.467,162.692,166.818,170.139,173.85,177.271,180.724,183.958,187.328,190.724,193.942,197.25,200.316,202.692,204.062,204.895,207.426,210.981,213.78,216.751,219.305,221.075,222.593,224.551,226.961,229.328,232.165,235.524,238.403,240.6,242.204,244.164,247.545,251.908,253.793,255.874,259.75,262.42,265.088,267.019,268.001,269.919,272.45,275.773,279.123,283.437,286.668,288.546,290.664,293.673,299.996,307.752,315.549,319.48,317.744,318.572,319.702,321.979,325.792,329.233,332.67,338.477,348.586,357.122,364.277,368.951,376.336,384.375,390.74,396.051,400.481,404.177,407.501,410.558,413.154,415.542,417.676,419.553,421.286,422.82,424.337,425.707,426.929,428.046,429.034,429.871,430.581,431.253,431.917,432.369,432.599,432.792,432.904,432.981,433.016
ISR,1257.967,1320.504,1383.101,1445.332,1507.319,1568.752,1630.242,1691.023,1750.039,1807.973,1864.707,1919.162,1994.607,2087.315,2182.767,2280.943,2381.959,2485.711,2591.603,2699.337,2808.977,2920.578,3034.022,3124.78,3201.309,3278.653,3357.525,3439.009,3520.227,3600.564,3681.184,3762.146,3842.329,3924.935,3994.324,4073.146,4137.572,4200.369,4273.37,4341.27,4421.75,4668.248,4891.531,5022.945,5149.145,5284.254,5425.223,5573.88,5719.066,5861.214,6030.947,6191.434,6328.53,6446.909,6558.731,6671.444,6784.968,6903.095,7021.815,7143.426,7268.766,7404.704,7537.341,7678.22,7820.538,7973.82,8131.997,8288.014,8435.579,8584.554,8730.394,8870.358,9015.491,9190.811,9321.817,9452.225,9582.136,9713.242,9844.535,9976.821,10107.994,10243.915,10381.964,10516.151,10650.976,10787.829,10928.415,11066.342,11211.013,11357.806,11507.411,11655.537,11805.713,11959.31,12112.254,12267.267,12416.856,12568.444,12716.506,12864.581,13016.424
ITA,46175.129,46608.218,46895.58,47140.779,47680.991,47983.479,48278.157,48525.746,48788.322,49065.876,49373.015,49656.095,49974.404,50366.775,50775.178,51263.979,51697.476,52140.658,52536.01,52888.301,53231.973,53548.498,53867.091,54268.034,54633.1,55009.127,55322.963,55595.868,55833.242,56044.689,56220.071,56604.098,56689.402,56748.949,56783.274,56837.431,56873.57,56878.405,56905.447,56952.055,57001.455,57061.452,57089.335,57160.644,57180.883,57659.393,57147.294,57176.889,57201.66,57228.729,57252.868,57291.525,57319.996,57521.259,57958.139,58395.336,58644.05,58864.816,59352.624,59770.744,60037.277,60291.149,60444.61,60618.42,60689.317,60639.026,60511.606,60444.609,60336.027,60218.97,60041.302,59784.236,59674.464,59563.765,59435.141,59250.593,59041.927,58810.406,58567.152,58324.514,58077.538,57814.606,57545.634,57287.368,57025.527,56756.306,56483.705,56213.683,55935.669,55656.847,55365.78,55076.555,54787.339,54484.576,54162.968,53845.728,53515.213,53176.95,52820.76,52460.81,52085.96
JAM,1385.323,1429.088,1465.851,1496.836,1522.637,1544.258,1563.164,1580.781,1598.572,1617.957,1638.512,1661.499,1685.022,1708.842,1733.355,1757.781,1780.603,1802.346,1823.384,1844.147,1866.107,1890.285,1917.172,1945.911,1976.528,2005.283,2032.679,2058.477,2082.838,2106.834,2132.138,2159.178,2188.458,2219.319,2250.345,2278.779,2302.533,2321.717,2337.909,2353.645,2370.187,2389.567,2412.17,2437.232,2462.599,2487.842,2512.459,2536.466,2559.23,2580.242,2599.348,2616.304,2632.502,2648.641,2664.605,2679.845,2694.286,2707.649,2719.952,2731.317,2742.673,2754.462,2766.525,2778.335,2789.039,2798.459,2806.609,2813.221,2818.306,2821.889,2824.653,2836.825,2838.538,2839.75,2839.822,2838.528,2835.627,2831.18,2825.879,2819.856,2812.938,2804.969,2796.257,2786.016,2774.93,2762.516,2749.352,2734.804,2718.994,2702.643,2685.163,2667.037,2648.094,2628.085,2607.083,2585.253,2562.908,2539.798,2516.241,2492.157,2467.334
JEY,56.573,57.647,58.385,59.045,59.681,60.312,60.898,61.463,62.059,62.69,63.322,63.965,64.631,65.29,65.948,66.596,67.223,67.847,68.434,68.938,69.42,69.889,70.914,72.046,73.086,74.053,74.959,75.429,75.743,76.043,76.371,76.695,77.403,78.236,79.087,79.943,80.8,81.548,82.239,82.943,83.684,84.688,85.091,85.354,85.603,85.801,85.939,86.416,86.905,87.351,87.71,87.971,88.805,89.789,90.77,91.755,92.742,93.714,94.7,95.66,96.63,97.585,98.474,99.348,100.161,100.975,101.459,101.924,102.326,102.71,103.003,103.257,103.398,103.583,103.766,103.925,104.052,104.159,104.27,104.374,104.47,104.566,104.651,104.747,104.837,104.919,104.984,105.028,105.094,105.143,105.164,105.215,105.223,105.242,105.236,105.209,105.169,105.123,105.042,104.968,104.838
JOR,423.438,454.166,488.136,524.753,563.444,604.247,646.887,691.315,737.395,784.249,830.969,875.973,919.208,961.901,1007.527,1063.754,1135.127,1221.592,1320.774,1424.147,1522.052,1608.274,1682.015,1747.096,1809.092,1869.272,1928.838,1987.515,2050.489,2116.702,2191.062,2277.311,2373.723,2480.13,2594.485,2714.891,2842.729,2977.044,3118.224,3267.854,3431.4,3812.416,4017.883,4237.502,4458.537,4664.275,4839.917,4985.115,5107.455,5221.114,5331.775,5442.116,5555.672,5676.461,5807.196,5956.927,6102.248,6752.494,6901.96,7077.772,7205.735,7388.352,7572.496,7601.759,8381.859,9201.562,9887.896,10124.837,10343.615,10580.997,10762.786,10967.669,11165.043,11347.484,11530.943,11574.809,11466.56,11712.505,11926.422,12142.498,12348.965,12548.587,12756.521,12953.352,13148.087,13342.249,13539.419,13737.101,13943.387,14153.246,14360.147,14582.447,14786.577,14980.728,15174.872,15372.207,15571.76,15752.885,15930.391,16112.39,16282.67
JPN,85696.541,87190.012,88509.84,89760.423,90887.945,91927.4,92923.556,93760.459,94457.494,95236.419,96009.537,96789.97,97645.217,98507.594,99408.868,100371.488,101460.551,102315.119,103615.936,104859.006,106091.333,107333.403,108570.656,109907.254,111322.219,112697.169,113945.223,115060.368,116088.186,117065.703,117977.409,118740.103,119248.004,119723.546,120174.347,120594.441,121069.886,121663.583,122223.591,122730.314,123164.512,123635.017,124144.724,124622.691,125057.225,125516.496,125828.834,126121.77,126410.088,126688.274,126914.854,127140.724,127379.572,127589.624,127752.879,127878.669,127947.992,128046.503,128128.861,128183.119,128201.82,128168.73,128024.135,127832.435,127614.856,127358.353,127193.392,127126.51,127002.87,126823.995,126574.852,126034.234,125324.442,124670.714,124071.179,123434.903,122772.055,122083.407,121381.274,120667.422,119948.756,119219.487,118484.683,117743.598,117001.35,116252.152,115500.146,114750.985,114003.817,113263.411,112525.652,111790.955,111053.931,110330.784,109613.978,108905.079,108198.91,107502.251,106813.689,106134.969,105458.719
KAZ,6671.659,6902.639,7139.178,7378.44,7618.54,7865.521,8121.741,8391.662,8676.138,8969.144,9275.206,9584.756,9899.413,10218.444,10536.487,10844.132,11142.235,11435.744,11733.113,12025.251,12287.173,12550.941,12818.685,13084.911,13331.332,13577.809,13823.876,14173.6,14532.93,14890.064,15067.328,15238.569,15407.594,15577.596,15753.506,15935.736,16126.443,16398.962,16656.468,16905.869,17088.157,17219.952,17337.248,17328.001,17220.974,16866.569,16594.503,16237.551,15848.95,15446.621,15465.128,15537.077,15614.023,15699.332,15795.429,15904.89,16031.343,16176.088,16338.34,16514.71,16724.982,16948.639,17183.366,17428.846,17684.158,17948.412,18219.926,18507.273,18796.589,19068.864,19350.246,19613.988,19873.218,20196.0,20464.208,20720.934,20966.575,21200.678,21431.677,21663.609,21890.421,22115.965,22338.117,22567.174,22791.582,23014.843,23237.06,23461.102,23681.374,23905.413,24130.36,24363.286,24591.958,24823.991,25058.049,25292.41,25527.102,25758.65,25992.857,26220.823,26436.975
KEN,5711.674,5826.695,5960.456,6106.133,6261.648,6434.634,6623.959,6831.421,7058.315,7291.263,7554.227,7836.387,8139.152,8459.465,8796.477,9150.594,9525.563,9910.069,10312.044,10725.601,11153.789,11583.794,11994.014,12418.107,12851.563,13288.593,13734.748,14180.498,14677.14,15191.111,15730.221,16306.697,16896.318,17516.032,18176.715,18853.097,19550.438,20252.854,20979.339,21733.099,22503.769,23281.534,24011.493,24753.426,25480.95,26233.31,26970.193,27718.229,28485.306,29290.809,30176.006,31109.774,32128.566,33131.051,34173.395,35253.516,36339.452,37468.564,38604.135,39808.568,41009.214,42187.919,43329.003,44447.603,45525.978,46576.903,47600.149,48679.225,49716.306,50697.909,51707.746,52726.921,53711.41,54793.511,55884.494,56981.395,58083.59,59189.233,60302.272,61418.617,62539.756,63664.735,64795.5,65922.569,67047.052,68162.208,69269.61,70368.161,71452.641,72529.227,73586.305,74631.421,75657.282,76666.166,77652.082,78617.878,79559.793,80484.958,81392.336,82282.993,83160.549
KGZ,1733.066,1769.213,1805.831,1843.35,1881.713,1922.577,1966.23,2013.009,2063.645,2118.062,2180.528,2250.489,2326.843,2407.745,2490.74,2573.562,2656.552,2738.715,2821.623,2904.164,2985.517,3064.768,3138.116,3209.772,3279.968,3348.075,3414.65,3479.36,3548.882,3620.164,3692.213,3766.534,3842.377,3923.246,4008.271,4070.424,4134.359,4202.828,4274.107,4341.927,4422.075,4497.012,4567.22,4633.401,4620.205,4678.165,4749.104,4816.659,4879.328,4936.253,5000.92,5049.371,5094.54,5137.968,5180.875,5225.207,5267.457,5297.448,5329.288,5355.751,5440.264,5543.257,5645.813,5747.225,5847.354,5949.285,6054.479,6162.444,6277.855,6405.609,6582.461,6745.818,6895.139,7016.437,7130.594,7241.424,7348.645,7452.284,7555.076,7654.905,7754.31,7852.926,7950.345,8045.708,8140.776,8235.271,8329.559,8423.826,8517.689,8613.416,8709.553,8805.84,8901.047,8994.42,9087.104,9177.645,9266.563,9352.111,9436.842,9521.003,9602.753
KHM,4325.499,4425.014,4526.37,4629.552,4731.349,4836.316,4944.427,5054.541,5166.327,5275.342,5390.518,5509.413,5632.923,5762.193,5883.827,6008.53,6136.049,6266.415,6399.474,6535.173,6674.278,6604.087,6637.673,6710.098,6769.355,6797.125,6365.617,5904.365,5432.736,4990.569,5187.047,5212.697,5356.294,5516.57,5755.836,5934.398,6153.169,6418.217,6697.723,6926.304,7220.642,7528.862,7844.837,8381.33,8851.433,9626.89,10410.104,11192.435,11949.529,12166.816,12364.646,12560.027,12756.941,12953.541,13148.395,13341.067,13537.337,13740.718,13942.822,14164.137,14389.483,14611.969,14833.199,15056.972,15283.443,15510.1,15736.401,15969.205,16177.54,16371.503,16591.105,16859.842,17088.769,17314.678,17533.083,17744.518,17951.445,18150.994,18349.297,18544.245,18734.542,18920.234,19103.869,19282.832,19460.324,19633.429,19806.853,19972.207,20138.801,20302.804,20462.927,20618.438,20772.32,20924.432,21072.642,21216.516,21355.959,21492.734,21623.708,21750.662,21873.714
KIR,37.463,38.228,39.016,39.836,40.691,41.573,42.508,43.474,44.475,45.498,46.589,47.724,48.922,50.155,51.428,52.748,54.13,54.72,55.272,55.786,56.934,58.086,59.218,60.338,61.309,61.13,60.844,60.479,60.055,59.674,60.669,61.626,62.617,63.651,64.687,65.768,67.225,68.894,70.571,72.282,74.013,75.696,77.037,78.246,79.436,80.606,81.863,83.382,84.913,86.402,87.85,89.376,91.293,93.235,95.115,97.054,99.017,101.018,103.118,105.327,107.607,109.801,111.494,113.074,114.603,116.05,117.58,119.376,121.173,122.994,124.847,127.351,129.403,131.534,133.527,135.509,137.468,139.422,141.376,143.275,145.18,147.073,148.975,150.839,152.688,154.51,156.369,158.252,160.12,161.97,163.808,165.592,167.409,169.243,171.107,172.911,174.714,176.522,178.254,180.041,181.78
KNA,46.707,47.757,48.86,49.919,50.967,51.718,52.55,53.399,54.243,55.045,55.893,55.727,54.94,53.981,52.902,51.75,50.529,49.268,47.941,46.548,44.914,44.299,44.113,43.953,43.806,43.67,43.543,43.421,43.294,43.14,42.926,42.774,42.622,42.442,42.226,42.0,41.749,41.488,41.208,40.915,40.601,40.263,40.453,40.976,41.507,42.046,42.606,43.148,43.708,44.287,44.915,45.58,45.941,46.1,46.253,46.376,46.498,46.639,46.772,46.898,46.935,46.758,47.013,47.053,47.085,47.093,47.082,47.067,47.034,46.983,46.92,46.82,46.706,46.713,46.803,46.883,46.96,47.023,47.084,47.104,47.129,47.139,47.123,47.088,47.049,46.977,46.88,46.77,46.66,46.537,46.389,46.237,46.074,45.892,45.677,45.476,45.259,45.042,44.808,44.59,44.373
KOR,19757.089,19757.554,19980.426,20479.333,21071.317,21759.829,22490.376,23258.492,24063.091,24884.763,25711.703,26519.056,27186.846,27831.628,28459.452,29030.502,29538.173,30153.708,30837.748,31512.832,32192.69,32891.704,33588.002,34284.929,34966.77,35608.904,36142.581,36617.269,37070.005,37493.865,37927.933,38354.28,39024.098,39688.211,40313.671,40882.93,41414.996,42022.013,42622.17,43223.784,43825.75,44337.104,44541.196,44766.194,45009.253,45252.428,45484.423,45792.976,46090.097,46371.658,46629.108,46904.214,47182.722,47415.519,47612.802,47781.349,47921.939,48091.096,48265.141,48447.845,48645.528,48893.137,49362.15,49837.009,50305.32,50772.791,51195.032,51400.646,51571.895,51709.893,51825.799,51891.164,51805.631,51759.392,51738.086,51697.094,51636.965,51563.811,51473.879,51372.981,51255.051,51122.116,50974.233,50808.345,50620.264,50413.354,50188.112,49944.975,49681.877,49400.438,49103.34,48794.033,48466.833,48132.656,47785.424,47421.309,47044.603,46657.194,46246.928,45820.659,45373.929
KWT,151.763,156.152,160.747,165.567,170.612,175.875,196.354,218.076,236.007,264.399,294.651,327.469,364.42,405.57,449.818,496.411,545.938,599.241,656.937,718.494,780.411,837.817,892.335,948.37,1006.937,1069.755,1139.971,1217.452,1298.594,1382.044,1464.985,1544.579,1622.273,1702.688,1785.903,1855.472,1933.012,2012.028,2093.961,2175.454,2259.483,1110.154,1592.643,1677.28,1667.023,1661.699,1701.327,1759.166,1816.2,1872.404,1927.655,1981.763,2034.48,2085.467,2134.295,2180.346,2293.23,2436.237,2579.536,2723.305,2867.663,3019.08,3246.549,3427.501,3587.991,3743.541,3925.367,4082.575,4226.794,4419.981,4464.406,4335.882,4385.601,4793.42,4884.143,4984.872,5067.283,5138.263,5198.474,5251.386,5300.697,5347.698,5395.588,5444.311,5493.866,5544.176,5595.165,5646.761,5698.903,5751.579,5804.569,5857.852,5911.428,5965.217,6018.988,6072.884,6126.663,6180.313,6233.905,6287.505,6340.996
LAO,1664.173,1704.927,1745.558,1786.8,1828.824,1871.432,1914.994,1959.464,2004.805,2051.248,2097.721,2145.306,2194.285,2245.534,2296.587,2349.065,2403.334,2458.835,2516.595,2576.159,2637.759,2701.645,2767.611,2835.709,2905.436,2974.086,3036.957,3092.796,3145.049,3198.432,3257.973,3327.174,3406.087,3493.965,3588.038,3687.649,3792.32,3901.109,4014.115,4131.087,4250.86,4373.05,4497.185,4622.108,4748.012,4870.428,4988.39,5102.967,5201.056,5295.476,5386.093,5476.332,5566.632,5655.145,5740.745,5822.506,5916.54,6009.86,6102.613,6195.325,6287.959,6380.429,6472.751,6565.205,6657.564,6748.779,6854.512,6963.093,7073.201,7182.889,7292.382,7400.683,7505.704,7612.311,7717.674,7821.964,7924.127,8023.908,8121.935,8217.65,8311.151,8402.895,8492.636,8580.265,8665.389,8748.265,8829.248,8908.51,8985.975,9061.743,9134.041,9203.962,9272.242,9338.569,9401.524,9463.091,9521.914,9578.765,9632.847,9685.231,9733.998
LBN,1330.552,1368.148,1406.995,1447.175,1488.852,1531.979,1576.156,1622.139,1669.71,1717.395,1768.145,1820.667,1879.501,1939.654,2000.978,2060.107,2117.554,2178.967,2234.494,2298.242,2358.076,2414.152,2478.475,2540.982,2604.888,2665.482,2720.899,2732.039,2792.272,2853.091,2912.18,2977.346,3040.615,3069.247,3120.745,3184.743,3250.008,3350.723,3420.386,3488.913,3561.656,3628.693,3709.132,3785.61,3855.684,3923.914,3997.556,4072.006,4144.804,4217.758,4292.796,4365.883,4437.953,4489.055,4561.962,4636.596,4705.608,4796.665,4891.572,4959.135,5025.438,5057.138,5134.903,5336.581,6150.292,6543.689,6401.249,6244.87,6075.386,5892.853,5696.335,5708.46,5727.783,5761.194,5785.791,5826.132,5872.709,5922.224,5971.902,6023.795,6076.967,6130.649,6185.353,6236.159,6283.334,6334.324,6381.124,6434.223,6489.519,6542.977,6595.573,6645.085,6693.111,6735.77,6772.374,6815.662,6854.313,6889.245,6928.803,6959.586,6986.186
LBR,910.428,927.375,945.44,964.512,984.24,1005.298,1027.482,1050.815,1075.081,1099.41,1125.716,1153.327,1182.107,1211.971,1242.857,1274.633,1307.678,1341.088,1375.781,1411.278,1447.932,1485.42,1522.734,1562.606,1604.569,1648.155,1693.671,1740.448,1791.59,1844.905,1900.52,1957.985,2015.748,2074.399,2139.828,2206.796,2274.282,2342.74,2411.719,2482.163,2553.553,1893.781,2019.255,2125.668,2184.584,2115.273,2223.05,2241.527,2584.451,2755.796,2887.571,2968.662,3062.013,3127.55,3111.515,3202.268,3399.761,3581.812,3756.287,3885.72,4000.335,4117.445,4324.912,4421.175,4519.302,4609.285,4709.577,4801.639,4896.21,4993.242,5094.199,5204.728,5313.918,5432.67,5553.392,5672.242,5790.17,5917.728,6055.872,6181.648,6308.524,6424.058,6549.424,6679.083,6810.759,6936.601,7070.513,7214.132,7343.381,7474.044,7616.957,7746.419,7887.748,8020.604,8133.719,8254.532,8366.757,8491.063,8612.982,8734.915,8856.741
LBY,1125.232,1137.689,1153.085,1171.874,1194.709,1221.644,1261.11,1304.807,1352.901,1405.513,1462.418,1523.362,1588.037,1655.883,1725.032,1782.35,1825.68,1872.447,1923.952,1981.61,2046.977,2118.201,2188.866,2263.316,2365.069,2499.353,2643.759,2798.715,2964.351,3140.702,3326.99,3521.765,3721.208,3728.323,3709.598,3837.669,3959.821,4074.986,4184.492,4291.017,4394.823,4495.656,4593.143,4687.561,4778.529,4865.545,4948.141,5026.645,5102.633,5178.776,5257.299,5352.744,5454.534,5562.287,5676.508,5796.877,5920.719,6039.703,6169.056,6301.804,6431.569,6564.109,6122.297,6236.358,6372.899,6481.604,6582.035,6682.216,6795.323,6902.786,6999.279,7091.519,7178.831,7268.778,7342.54,7419.506,7497.603,7582.1,7672.876,7760.807,7843.617,7927.996,8010.221,8086.759,8166.517,8246.71,8321.197,8393.774,8469.681,8543.515,8616.193,8686.641,8752.59,8820.649,8888.131,8951.924,9015.973,9071.372,9125.445,9182.684,9234.542
LCA,92.463,93.519,94.416,94.414,94.238,93.975,93.632,93.271,92.895,92.535,92.168,93.003,93.978,95.032,96.007,97.003,97.982,98.945,100.064,101.287,102.472,103.857,105.27,106.734,108.262,109.889,111.561,113.289,114.98,116.688,118.368,120.212,122.12,124.053,126.036,128.098,130.219,132.259,134.196,135.805,137.22,138.493,140.547,142.687,144.764,147.016,149.4,151.473,153.665,155.688,157.716,159.516,160.957,162.325,163.626,164.852,166.047,167.231,168.285,169.33,170.407,171.406,172.196,172.977,173.76,174.517,175.292,176.0,176.684,177.35,177.973,178.528,178.516,179.046,179.523,179.964,180.334,180.641,180.894,181.113,181.291,181.428,181.494,181.49,181.427,181.274,181.081,180.816,180.449,180.006,179.543,179.043,178.476,177.893,177.28,176.587,175.884,175.14,174.314,173.435,172.546
LIE,13.641,13.886,14.113,14.341,14.591,14.834,15.104,15.381,15.697,16.014,16.326,16.655,17.064,17.482,17.918,18.371,18.834,19.298,19.81,20.351,20.893,21.394,21.794,22.191,22.603,23.002,23.393,23.781,24.162,24.534,24.909,25.27,25.653,26.041,26.434,26.819,27.198,27.57,27.948,28.347,28.717,29.058,29.499,29.948,30.392,30.81,31.256,31.688,32.11,32.523,32.931,33.295,33.593,33.892,34.228,34.549,34.832,35.119,35.333,35.554,35.88,36.117,36.422,36.769,37.051,37.274,37.526,37.704,37.997,38.26,38.62,38.914,39.174,39.46,39.736,40.004,40.252,40.484,40.705,40.914,41.106,41.298,41.485,41.648,41.797,41.938,42.072,42.19,42.293,42.403,42.493,42.575,42.66,42.721,42.79,42.838,42.885,42.931,42.958,42.986,43.006
LKA,7741.121,7880.973,8031.695,8191.426,8358.862,8533.009,8713.652,8900.785,9101.208,9316.427,9543.877,9778.901,10019.844,10267.663,10522.416,10784.377,11049.552,11318.305,11596.352,11875.824,12151.891,12422.329,12681.491,12936.919,13184.913,13426.473,13671.494,13922.045,14176.698,14443.558,14715.67,14980.278,15218.55,15354.585,15423.004,15460.715,15627.592,15834.921,15998.231,16159.011,16338.103,16366.812,16583.895,16894.672,17157.165,17394.382,17733.753,18076.283,18420.117,18771.889,19117.572,19468.535,19732.19,19879.314,20023.729,20151.481,20281.568,20423.254,20561.836,20696.92,20815.95,20942.228,21075.868,21263.048,21454.606,21640.306,21819.637,22001.908,22173.136,22333.1,22488.003,22635.611,22765.133,22904.797,23038.437,23168.692,23290.249,23406.381,23516.74,23621.609,23719.665,23816.239,23907.022,23995.479,24079.758,24158.831,24234.118,24304.916,24375.071,24439.015,24499.783,24553.615,24603.679,24647.051,24686.266,24719.471,24753.4,24778.074,24795.341,24806.166,24812.185
LSO,574.455,584.647,595.891,608.003,620.945,634.843,649.532,665.09,684.248,704.382,725.512,747.488,770.16,793.469,817.277,841.597,866.582,897.157,930.808,965.401,1001.004,1037.541,1074.951,1113.175,1152.218,1192.622,1234.665,1271.762,1308.172,1346.308,1386.03,1427.011,1469.127,1512.336,1556.49,1601.483,1647.274,1685.002,1721.778,1757.903,1792.968,1826.424,1858.333,1888.216,1915.37,1940.044,1962.829,1982.008,1994.253,2001.845,2004.622,2003.204,1998.502,1990.856,1979.261,1962.997,1943.155,1946.97,1959.567,1973.514,1988.252,2004.25,2023.768,2044.941,2068.067,2092.111,2117.112,2143.732,2170.489,2196.717,2222.094,2249.359,2273.725,2298.496,2324.448,2350.397,2376.252,2402.42,2428.317,2454.567,2480.799,2506.838,2533.204,2559.777,2586.443,2613.115,2640.019,2666.977,2693.183,2719.222,2745.069,2770.682,2796.056,2821.031,2845.489,2869.52,2893.158,2916.409,2939.32,2961.506,2982.808
LTU,2420.64,2445.351,2472.287,2500.534,2529.713,2559.693,2590.93,2623.739,2659.783,2698.089,2747.259,2790.93,2834.267,2872.306,2909.838,2947.87,2982.655,3018.059,3052.697,3087.834,3119.005,3152.739,3188.679,3221.132,3251.312,3281.412,3310.055,3339.081,3367.414,3392.734,3416.738,3440.1,3464.519,3490.65,3520.213,3548.034,3576.743,3610.818,3643.916,3701.377,3690.833,3699.192,3703.623,3691.466,3668.927,3640.855,3613.221,3586.202,3560.616,3534.925,3510.878,3489.926,3456.082,3432.019,3398.537,3354.861,3289.665,3249.951,3212.797,3184.164,3142.344,3053.095,3004.188,2972.471,2944.25,2922.086,2889.442,2848.777,2809.848,2795.108,2795.008,2796.521,2792.454,2841.385,2866.813,2851.406,2808.883,2785.793,2762.658,2739.681,2717.405,2695.311,2673.628,2651.984,2630.321,2608.224,2586.559,2564.443,2541.75,2519.174,2495.969,2473.701,2451.211,2428.452,2405.428,2383.238,2361.035,2338.78,2315.703,2293.008,2270.467
LUX,295.793,297.346,298.974,300.828,302.538,304.424,306.2,307.716,309.163,310.914,313.155,314.6,318.084,321.219,324.477,327.988,331.417,334.737,336.298,337.716,338.81,339.854,344.058,348.087,350.315,352.536,354.825,356.918,359.571,362.522,363.266,364.145,364.825,365.287,365.693,366.102,367.22,369.591,371.989,375.576,379.179,384.221,389.413,394.514,399.886,405.294,411.16,416.393,421.544,426.765,433.029,439.236,444.267,448.51,455.166,461.425,469.302,476.43,484.11,493.871,502.502,512.318,524.85,537.045,549.662,562.896,576.176,590.836,602.155,614.047,626.279,634.915,645.633,660.992,669.204,676.868,684.039,690.858,697.698,704.456,710.726,716.608,722.26,727.896,733.146,738.156,743.101,747.735,752.087,756.534,760.767,764.579,768.284,771.855,775.015,778.055,781.023,783.671,786.137,788.564,790.578
LVA,1911.264,1926.176,1941.654,1957.416,1972.981,1991.088,2009.836,2029.175,2051.055,2075.529,2118.434,2143.909,2170.428,2194.142,2217.46,2242.056,2263.468,2285.231,2306.926,2327.642,2347.69,2367.428,2386.718,2405.03,2426.536,2447.454,2464.087,2476.987,2492.228,2502.496,2508.556,2514.962,2524.978,2539.051,2554.891,2570.655,2587.806,2611.749,2640.176,2664.317,2665.354,2654.909,2642.971,2586.682,2540.958,2501.509,2470.389,2445.422,2421.04,2399.378,2382.266,2354.359,2322.243,2300.459,2277.509,2250.839,2228.728,2209.336,2192.216,2163.207,2120.878,2074.784,2045.099,2024.168,2001.852,1986.446,1969.288,1950.438,1934.75,1920.426,1908.1,1894.147,1877.027,1885.099,1879.693,1864.05,1843.068,1828.801,1814.326,1799.817,1785.151,1770.088,1755.65,1741.131,1726.877,1713.126,1699.731,1686.311,1673.254,1660.2,1647.022,1634.266,1621.373,1608.932,1596.346,1583.83,1570.982,1558.454,1545.815,1533.056,1520.223
MAC,193.635,199.672,200.553,200.249,198.926,196.809,194.076,190.282,186.095,181.241,175.609,171.022,175.624,179.995,184.275,267.035,264.227,261.658,259.188,256.678,253.934,260.857,266.061,280.301,220.347,222.427,225.454,229.3,233.778,238.635,243.658,248.536,256.474,265.635,275.371,285.742,296.813,308.526,320.713,333.097,345.348,356.898,367.637,376.86,385.793,394.45,402.936,411.121,419.017,426.603,433.902,440.716,449.534,462.494,475.612,488.788,502.033,515.46,529.091,542.769,556.197,569.414,581.851,593.04,604.446,616.162,628.196,640.427,652.682,664.862,677.086,689.047,699.757,708.956,718.867,721.657,722.357,724.02,724.123,724.374,726.48,726.967,727.668,726.341,726.36,724.744,722.768,719.261,715.864,711.639,708.422,705.36,701.261,697.211,693.385,690.184,687.413,683.134,678.298,674.159,670.881
MAF,2.917,3.051,3.175,3.289,3.417,3.541,3.657,3.789,3.905,4.039,4.185,4.316,4.456,4.598,4.749,4.904,5.088,5.337,5.607,5.779,5.957,6.137,6.318,6.499,6.694,6.908,7.168,7.439,7.7,7.945,8.181,8.395,8.601,10.387,12.583,14.883,17.307,19.81,22.405,25.093,27.813,28.636,28.965,29.198,29.365,29.461,29.479,29.407,29.24,28.974,29.593,30.399,31.208,32.0,32.79,33.552,34.304,35.012,35.663,36.253,36.752,36.96,37.177,37.374,37.463,37.438,37.3,37.05,36.625,35.399,33.134,30.438,29.484,28.257,26.772,25.486,24.395,23.401,22.582,21.885,21.312,20.82,20.401,20.05,19.715,19.487,19.307,19.185,19.089,19.009,18.955,18.893,18.846,18.825,18.82,18.822,18.815,18.796,18.789,18.808,18.798
MAR,8826.639,9044.261,9274.318,9515.439,9763.696,10022.934,10293.323,10574.726,10866.37,11161.115,11472.899,11776.967,12085.204,12420.979,12734.025,13063.746,13414.596,13779.534,14156.816,14538.983,14929.528,15329.369,15725.081,16124.303,16528.234,16939.451,17362.121,17786.244,18243.269,18711.501,19199.676,19720.21,20250.593,20790.043,21331.348,21856.208,22371.699,22829.907,23278.876,23722.173,24156.656,24594.446,25003.582,25421.355,25807.817,26193.828,26605.029,27011.186,27415.488,27827.808,28226.551,28620.32,29008.965,29387.318,29755.513,30150.524,30565.764,30976.591,31396.345,31817.188,32244.368,32689.663,33135.512,33574.971,34000.171,34409.389,34805.788,35241.127,35651.657,36027.863,36393.933,36774.483,37134.402,37523.726,37901.284,38261.062,38600.478,38924.404,39235.794,39532.457,39816.663,40090.257,40353.229,40602.744,40843.206,41071.282,41292.905,41503.555,41704.511,41900.038,42080.852,42255.558,42422.525,42578.129,42722.861,42862.135,42988.477,43103.881,43212.457,43312.348,43399.092
MCO,19.122,20.209,20.486,20.629,20.695,20.631,20.519,20.921,21.264,21.544,21.748,21.868,21.934,22.223,22.547,22.826,23.055,23.206,23.255,23.619,24.043,24.414,24.739,24.985,25.159,25.31,25.691,26.098,26.449,26.762,27.023,27.222,27.364,27.759,28.162,28.55,28.912,29.273,29.619,29.942,30.225,30.492,30.757,31.016,31.255,31.496,31.722,31.953,32.172,32.363,32.456,32.453,32.441,32.402,32.347,32.268,32.152,31.963,31.712,31.96,32.767,33.56,34.331,35.091,35.803,36.453,37.061,37.491,37.865,38.444,37.774,38.327,38.727,39.136,38.777,38.485,38.197,37.977,37.76,37.585,37.428,37.304,37.182,37.081,37.002,36.931,36.857,36.79,36.73,36.686,36.656,36.597,36.542,36.534,36.517,36.518,36.527,36.549,36.594,36.645,36.716
MDA,2506.778,2549.942,2595.548,2644.008,2695.001,2748.09,2803.024,2859.451,2916.539,2972.583,3042.15,3110.183,3177.591,3241.418,3302.158,3358.317,3413.627,3467.683,3520.72,3573.445,3626.535,3660.499,3695.356,3732.638,3772.608,3815.087,3858.805,3903.255,3947.911,3992.678,4028.1,4069.327,4109.749,4150.382,4193.77,4238.006,4284.255,4334.477,4383.651,4431.886,4446.874,4455.422,4457.795,4453.626,4442.851,4426.061,4402.361,4372.95,4338.126,4299.303,4257.128,4212.805,4166.735,4119.124,4071.715,4021.624,3955.713,3886.92,3815.871,3743.137,3669.283,3594.7,3519.832,3445.421,3372.054,3313.364,3260.965,3214.623,3172.372,3135.174,3089.95,3048.312,2999.245,3080.724,3053.416,3016.505,2975.706,2946.801,2917.966,2889.017,2859.879,2830.604,2801.91,2773.429,2744.738,2716.201,2687.82,2660.364,2633.422,2607.101,2581.133,2556.487,2532.875,2509.808,2487.236,2465.73,2444.153,2423.376,2403.003,2382.767,2361.942
MDG,3906.025,4006.122,4108.277,4213.393,4321.677,4432.962,4547.264,4665.579,4787.694,4913.998,5044.19,5177.868,5314.447,5453.852,5596.519,5743.207,5895.025,6053.532,6219.44,6393.547,6575.885,6768.121,6969.615,7179.18,7396.917,7622.535,7856.137,8097.524,8346.956,8604.772,8870.389,9141.676,9416.345,9698.996,9987.093,10282.008,10584.277,10889.437,11205.146,11533.779,11876.218,12235.06,12607.764,12993.975,13400.716,13826.984,14275.567,14745.856,15235.771,15742.958,16258.054,16774.622,17291.256,17808.57,18335.137,18878.079,19441.334,20020.484,20616.682,21230.999,21863.56,22503.121,23141.478,23783.398,24435.183,25093.513,25759.892,26440.012,27136.737,27853.115,28585.993,29321.12,30061.046,30813.475,31578.39,32351.522,33129.834,33914.269,34703.317,35496.397,36292.959,37093.407,37898.005,38704.629,39514.131,40325.769,41141.919,41960.712,42781.969,43606.35,44432.236,45261.553,46092.405,46925.224,47759.365,48593.843,49428.705,50264.35,51099.784,51934.921,52769.059
MDV,73.839,75.057,76.369,77.757,79.225,80.772,82.431,84.184,86.057,88.029,90.085,92.294,94.605,96.999,99.445,101.879,106.325,110.688,114.367,117.782,121.345,125.092,128.978,132.958,136.947,141.01,145.306,149.745,154.115,158.202,162.518,167.152,171.913,176.752,181.504,186.892,193.446,200.425,207.463,214.306,221.171,228.353,235.25,241.836,247.932,253.712,259.586,265.108,270.307,275.138,279.686,284.351,289.184,294.048,298.934,303.891,308.967,318.735,330.223,342.117,354.433,367.151,380.197,393.439,406.702,420.532,435.776,450.84,465.734,480.463,494.999,509.238,523.069,525.144,526.844,528.754,530.598,532.436,534.426,536.561,538.58,540.754,543.088,545.477,547.959,550.351,552.837,555.337,557.929,560.53,563.377,566.22,568.989,571.766,574.505,577.114,579.792,582.251,584.533,586.907,589.054
MEX,27231.56,27944.318,28696.647,29483.698,30314.769,31191.241,32109.959,33065.91,34059.537,35090.599,36163.932,37285.297,38494.939,39763.462,41084.667,42459.431,43889.523,45368.689,46890.527,48446.079,50020.308,51609.598,53215.518,54844.818,56489.75,58150.549,59814.251,61476.772,63140.215,64817.878,66479.853,68120.816,69663.4,71203.119,72739.361,74274.332,75812.496,77358.778,78914.523,80476.539,82017.824,83622.516,85238.629,86850.989,88456.626,90061.783,91663.126,93242.279,94800.135,96350.355,97881.058,99370.046,100828.153,102269.095,103687.936,105100.326,106522.682,107984.649,109564.071,111184.505,112814.937,114432.853,116054.154,117582.263,119104.883,120463.639,121680.973,122821.728,123978.387,125169.035,126356.93,127241.179,128055.116,129171.119,130308.399,131413.615,132480.185,133515.13,134520.286,135497.108,136444.674,137364.802,138257.327,139123.06,139961.111,140762.942,141538.696,142279.63,142995.462,143676.977,144319.607,144929.04,145506.507,146048.404,146551.61,147023.824,147456.36,147851.959,148208.332,148536.131,148819.664
MHL,12.928,13.064,13.159,13.271,13.348,13.435,13.53,13.61,13.666,13.944,14.449,14.956,15.482,16.028,16.575,17.13,17.675,18.178,19.132,20.592,22.017,23.043,23.69,24.295,24.867,25.725,26.582,27.46,28.351,29.268,30.209,31.34,32.694,34.099,35.523,37.005,38.518,40.054,41.602,43.04,44.132,45.126,46.009,46.766,47.421,48.002,48.529,49.021,49.497,49.937,50.466,50.947,51.298,51.551,51.726,51.857,51.955,52.03,52.04,52.02,52.017,52.07,51.745,51.093,50.269,49.323,48.278,47.14,45.918,44.652,43.361,42.052,40.682,39.472,38.182,36.914,35.65,34.5,33.452,32.5,31.595,30.778,30.058,29.423,28.859,28.36,27.925,27.562,27.226,26.955,26.707,26.487,26.297,26.135,25.976,25.837,25.708,25.594,25.484,25.37,25.244
MKD,1237.197,1260.169,1281.901,1307.159,1331.783,1348.23,1363.121,1378.714,1391.796,1408.435,1425.715,1444.403,1465.94,1477.549,1499.926,1521.874,1545.057,1569.641,1595.343,1622.517,1650.174,1678.242,1704.191,1730.599,1757.034,1784.056,1811.888,1839.772,1866.504,1893.19,1919.856,1946.22,1971.911,1986.0,1997.802,2008.996,2019.665,2029.799,2040.515,2050.96,2060.338,2067.041,2044.947,2020.099,1993.61,1991.722,2005.346,2019.76,2031.751,2043.385,2052.789,2061.716,2070.886,2078.082,2084.74,2088.421,2091.192,2087.274,2076.67,2064.998,2056.199,2046.811,2034.08,2020.497,2006.063,1989.604,1971.128,1951.391,1930.366,1909.091,1886.191,1857.84,1844.375,1836.091,1827.512,1818.506,1809.076,1799.049,1789.138,1778.885,1768.213,1756.76,1745.3,1733.715,1722.165,1710.253,1698.134,1685.759,1673.234,1660.9,1648.29,1635.526,1622.741,1609.708,1596.633,1583.848,1570.862,1557.773,1545.056,1532.252,1519.251
MLI,4662.163,4731.659,4801.743,4870.983,4938.617,5007.203,5076.664,5147.288,5218.972,5287.965,5363.312,5441.788,5522.778,5605.056,5688.154,5772.096,5858.878,5945.531,6036.281,6129.676,6225.732,6327.212,6428.676,6538.776,6655.437,6775.436,6899.086,7022.871,7159.086,7300.217,7450.314,7610.715,7774.816,7945.573,8123.228,8293.969,8455.357,8607.197,8755.131,8912.862,9087.013,9270.647,9455.13,9651.951,9857.621,10076.442,10294.289,10520.267,10772.723,11066.423,11388.406,11730.175,12094.141,12481.959,12887.951,13316.867,13760.428,14219.851,14695.7,15185.865,15685.212,16205.184,16732.913,17181.152,17738.078,18302.455,18883.589,19498.99,20127.031,20757.028,21379.781,22047.89,22729.371,23415.909,24122.346,24834.845,25562.798,26301.752,27056.587,27824.634,28606.389,29399.341,30209.736,31028.041,31857.552,32695.8,33540.89,34394.887,35252.013,36119.135,36979.83,37847.456,38714.276,39588.281,40464.366,41340.64,42217.323,43093.967,43967.741,44843.698,45715.849
MLT,291.123,298.236,302.674,307.141,311.546,315.943,320.335,324.577,328.811,330.005,330.701,330.939,330.758,330.219,329.392,328.185,326.611,324.738,322.888,324.136,325.37,326.652,327.933,329.285,330.82,332.538,334.363,336.209,338.112,340.01,341.932,343.822,345.682,347.607,349.575,351.527,353.605,356.548,359.613,362.835,366.208,369.608,373.055,376.534,379.9,383.008,386.091,389.157,392.201,395.348,398.429,401.361,404.208,406.921,409.532,412.063,414.576,416.333,418.06,419.878,421.711,423.59,425.667,427.554,429.351,439.618,450.343,460.195,475.61,493.505,514.526,521.887,526.866,529.518,536.394,542.82,547.99,550.032,551.918,553.491,554.72,555.743,556.497,557.056,557.159,556.783,556.233,555.53,554.665,553.545,552.33,551.14,549.78,548.457,546.955,545.442,543.826,542.175,540.238,538.44,536.717
MMR,17573.124,17901.109,18239.727,18596.291,18963.509,19349.801,19751.163,20167.279,20598.129,21034.707,21493.312,21967.187,22453.974,22955.464,23471.351,24003.279,24555.583,25117.409,25695.448,26283.877,26886.348,27499.684,28114.755,28741.894,29310.881,29885.454,30467.676,31049.947,31661.985,32283.967,32909.132,33545.277,34172.289,34793.642,35531.787,36266.84,36978.815,37650.941,38292.248,38909.606,39519.63,40114.873,40673.434,41227.25,41777.608,42332.677,42877.998,43431.722,43985.874,44529.711,45045.737,45535.945,46006.332,46458.974,46875.409,47262.136,47614.594,47955.677,48294.409,48487.178,48833.74,49215.024,49624.616,50050.276,50475.039,50888.228,51289.883,51701.509,52088.367,52456.126,52825.3,53207.743,53566.461,53947.114,54320.481,54679.701,55021.595,55348.043,55656.921,55948.627,56221.653,56480.409,56722.847,56949.244,57159.844,57354.515,57534.413,57697.885,57849.932,57989.795,58114.558,58225.158,58323.382,58408.463,58478.101,58534.706,58581.638,58611.897,58629.641,58635.81,58630.433
MNE,398.956,406.069,414.077,423.723,431.235,437.507,443.66,449.719,455.763,461.848,467.949,474.445,481.209,487.674,493.903,499.958,505.826,511.441,516.751,521.865,527.026,532.316,537.901,543.495,549.029,554.435,559.867,565.392,570.794,576.238,581.785,587.855,591.962,595.295,598.617,601.877,605.122,608.469,611.871,615.298,618.786,622.208,624.91,627.129,629.069,630.687,632.075,633.164,633.901,634.28,634.285,634.102,633.88,633.653,633.466,634.041,634.059,633.683,633.074,632.615,632.26,631.917,633.458,633.622,632.783,629.968,626.322,622.175,618.052,613.538,609.795,606.075,601.626,627.669,639.435,637.522,627.936,624.53,621.199,617.788,614.315,610.808,607.231,603.57,599.844,596.061,592.213,588.317,584.376,580.408,576.424,572.444,568.422,564.434,560.347,556.283,552.18,548.047,543.823,539.669,535.419
MNG,775.342,788.033,800.614,813.558,826.987,841.048,856.32,880.644,905.824,932.756,962.066,993.124,1025.445,1057.442,1085.283,1115.185,1147.168,1180.34,1213.653,1246.207,1278.362,1312.181,1347.961,1385.681,1425.323,1466.776,1509.817,1554.073,1598.416,1640.521,1680.796,1721.875,1763.838,1806.891,1851.293,1897.404,1945.623,1996.307,2049.292,2103.351,2145.019,2184.128,2221.408,2256.838,2290.187,2321.301,2350.129,2376.8,2401.456,2424.112,2443.968,2466.396,2489.003,2511.146,2532.464,2553.121,2573.801,2595.71,2620.221,2648.627,2682.025,2721.439,2768.922,2821.996,2881.765,2944.312,3008.739,3072.885,3135.843,3199.569,3264.658,3316.913,3362.435,3409.595,3454.27,3496.81,3537.39,3576.206,3614.177,3651.137,3687.276,3723.187,3758.738,3795.031,3832.226,3870.362,3909.189,3949.141,3990.294,4031.814,4074.235,4116.873,4159.904,4203.033,4245.393,4287.731,4329.828,4370.316,4409.631,4447.428,4484.156
MNP,7.034,7.187,7.28,7.377,7.505,7.636,7.819,7.964,8.178,8.383,8.611,8.862,9.128,9.431,9.759,10.092,10.435,10.789,10.708,10.228,9.749,10.591,11.95,13.323,14.438,14.871,15.259,15.616,15.957,16.303,16.672,18.579,21.072,23.628,26.243,28.906,31.609,34.351,37.122,39.915,42.692,43.991,44.795,45.568,46.335,47.125,49.228,54.185,59.007,63.667,68.166,68.547,67.422,66.133,64.708,63.169,61.539,59.826,58.056,56.243,54.408,53.774,53.443,53.025,52.491,51.866,51.161,50.385,49.532,48.622,47.636,47.42,46.538,45.618,44.668,43.887,43.194,42.634,42.317,42.062,41.856,41.714,41.64,41.56,41.535,41.574,41.66,41.782,41.88,41.987,42.128,42.221,42.369,42.447,42.524,42.602,42.684,42.717,42.748,42.733,42.789
MOZ,5878.439,5942.011,6014.3,6087.218,6159.017,6234.938,6314.005,6396.065,6480.291,6562.818,6657.986,6769.404,6900.468,7038.26,7181.396,7328.726,7484.115,7641.865,7807.234,7977.992,8155.91,8345.103,8567.53,8818.341,9090.142,9382.044,9699.591,10034.827,10415.123,10821.377,11236.242,11436.201,11700.052,11948.687,12198.957,12432.951,12664.946,12876.21,12768.937,12832.179,12981.505,13207.568,13496.611,13730.02,14372.364,15695.341,16225.718,16759.242,17140.722,17540.205,17928.808,18330.497,18744.961,19171.715,19613.235,20067.391,20541.747,21032.426,21542.844,22095.228,22688.261,23310.209,23987.869,24687.824,25415.398,26161.552,26933.593,27740.616,28592.171,29445.118,30323.642,31243.734,32171.866,33140.626,34129.694,35133.838,36129.468,37150.233,38187.082,39241.115,40308.772,41384.737,42477.777,43588.008,44701.061,45845.992,46977.555,48119.785,49249.328,50394.745,51547.505,52700.924,53841.08,55005.733,56143.691,57289.476,58414.109,59548.107,60687.083,61822.086,62971.941
MRT,651.343,664.087,677.68,691.929,706.851,722.494,738.954,756.258,774.435,793.557,813.656,834.939,857.394,880.975,905.872,932.038,959.639,988.675,1019.011,1050.467,1083.04,1116.572,1150.832,1185.878,1221.797,1258.58,1296.08,1334.593,1372.944,1412.482,1453.034,1495.051,1538.702,1583.649,1629.844,1677.541,1726.672,1776.998,1829.031,1882.686,1923.41,1980.346,2039.13,2137.141,2211.515,2287.392,2336.642,2379.734,2442.878,2506.423,2576.973,2649.91,2707.609,2769.7,2834.392,2902.935,2975.182,3052.138,3133.981,3232.556,3336.341,3445.588,3560.035,3678.033,3790.604,3906.423,4025.494,4147.819,4273.38,4401.99,4533.426,4666.836,4802.913,4948.362,5096.521,5242.27,5387.859,5534.779,5682.803,5833.11,5985.283,6139.773,6295.805,6453.886,6613.795,6775.106,6937.531,7100.938,7265.3,7431.429,7598.054,7765.763,7934.683,8106.285,8278.813,8451.551,8625.511,8801.008,8975.954,9152.484,9327.872
MSR,12.993,12.894,12.797,12.713,12.598,12.524,12.439,12.34,12.258,12.155,12.068,12.001,11.924,11.843,11.765,11.684,11.608,11.536,11.468,11.41,11.334,11.331,11.344,11.356,11.375,11.402,11.415,11.428,11.44,11.433,11.386,11.293,11.213,11.15,11.09,11.021,10.968,10.919,10.871,10.821,10.733,10.621,10.252,9.722,9.141,8.546,7.923,7.284,6.632,5.971,5.346,4.711,4.47,4.481,4.5,4.53,4.563,4.6,4.646,4.708,4.762,4.826,4.819,4.773,4.732,4.69,4.655,4.62,4.585,4.553,4.526,4.489,4.47,4.436,4.405,4.373,4.346,4.31,4.285,4.246,4.219,4.184,4.157,4.121,4.092,4.061,4.032,3.998,3.969,3.948,3.918,3.887,3.86,3.841,3.823,3.801,3.779,3.761,3.738,3.722,3.705
MTQ,229.313,234.827,240.127,245.529,251.797,258.511,263.572,268.9,274.449,279.994,285.785,291.756,297.405,302.11,306.345,310.55,314.969,319.182,322.663,324.393,325.291,325.749,326.22,326.466,326.266,326.482,328.196,329.74,330.796,331.508,332.051,332.518,333.455,336.623,340.686,344.96,349.337,353.819,358.454,363.127,368.002,373.998,380.607,387.255,393.828,400.311,406.683,412.972,419.2,424.427,423.35,419.414,414.879,410.054,406.758,403.435,400.259,400.641,400.972,400.42,398.622,396.145,392.986,390.477,388.455,385.574,381.888,375.884,367.12,361.059,358.164,355.065,351.491,347.427,344.576,341.813,339.065,336.357,333.814,331.303,328.828,326.448,324.126,321.847,319.623,317.412,315.273,313.126,311.049,308.989,306.921,304.775,302.631,300.412,298.153,295.865,293.509,291.117,288.631,286.062,283.402
MUS,517.924,533.193,549.146,565.205,578.636,592.322,606.855,622.259,638.548,655.759,673.91,686.752,698.306,712.243,728.458,744.615,760.706,776.594,791.92,806.641,820.841,834.55,847.663,859.544,870.745,882.181,893.865,905.839,918.455,932.098,946.676,961.756,976.68,990.539,1004.194,1018.282,1031.845,1044.843,1057.38,1069.807,1082.157,1095.89,1110.192,1125.148,1139.639,1153.457,1166.184,1178.582,1190.015,1200.196,1211.587,1221.67,1229.932,1238.239,1245.958,1253.641,1260.789,1266.772,1272.265,1277.005,1280.939,1284.48,1288.054,1290.286,1291.681,1292.328,1292.223,1291.384,1289.926,1287.741,1284.799,1281.647,1277.6,1274.659,1272.517,1269.821,1266.738,1263.379,1259.884,1256.202,1252.364,1248.501,1244.283,1239.755,1234.884,1229.71,1224.199,1218.371,1212.245,1205.773,1198.864,1191.581,1183.956,1176.036,1167.691,1159.128,1150.19,1141.025,1131.582,1121.945,1112.142
MWI,2925.058,2975.542,3030.229,3088.528,3149.943,3213.115,3279.971,3350.626,3424.849,3503.045,3585.273,3670.995,3760.073,3852.54,3948.473,4046.137,4146.177,4249.674,4356.35,4465.758,4576.609,4691.279,4811.589,4937.36,5070.515,5212.16,5362.573,5524.195,5705.771,5914.492,6143.006,6388.052,6644.857,6912.901,7190.518,7475.101,7765.916,8047.044,8539.304,8967.219,9385.222,9706.482,9981.971,10288.187,10279.861,10049.927,10250.307,10454.148,10669.922,10915.83,11179.778,11452.106,11734.011,12026.869,12336.279,12665.195,13014.868,13382.533,13770.153,14182.682,14608.894,15044.032,15486.013,15933.141,16390.49,16852.586,17318.588,17796.89,18282.54,18773.622,19277.882,19789.893,20304.623,20832.833,21376.132,21934.44,22497.799,23073.271,23659.104,24249.797,24857.207,25463.368,26063.702,26669.82,27287.022,27903.574,28524.016,29147.184,29777.835,30385.669,30997.505,31606.691,32215.801,32819.214,33425.768,34047.288,34654.62,35264.602,35871.384,36460.137,37061.869
MYS,6020.288,6176.279,6338.555,6507.137,6680.749,6864.007,7055.919,7257.332,7468.312,7657.445,7854.127,8058.267,8270.618,8489.725,8714.596,8942.217,9170.599,9398.777,9615.421,9835.142,10060.053,10297.551,10549.356,10804.315,11066.927,11334.885,11608.942,11891.253,12180.173,12476.142,12779.583,13187.143,13611.263,14054.333,14517.482,15000.536,15503.981,16016.858,16536.615,17056.594,17573.4,18092.942,18591.985,19077.16,19568.169,20072.723,20588.474,21111.7,21638.737,22174.688,22696.373,23239.259,23813.818,24391.135,24968.069,25545.476,26126.667,26709.151,27287.626,27852.492,28397.063,28914.49,29409.588,29916.074,30432.455,30959.818,31505.777,32073.594,32637.695,33184.239,33696.952,34082.165,34482.632,34908.354,35344.242,35771.105,36184.571,36585.658,36984.516,37381.023,37767.553,38155.884,38539.687,38917.08,39278.668,39637.022,39992.628,40341.168,40683.395,41023.229,41348.543,41670.745,41986.44,42302.492,42609.414,42898.859,43177.55,43449.947,43710.971,43952.182,44178.897
MYT,20.336,20.717,21.131,21.554,22.038,22.549,23.1,23.675,24.294,24.947,25.629,26.356,27.111,27.914,28.766,29.684,30.675,31.729,32.801,33.684,34.612,35.58,36.645,37.787,39.003,40.297,41.638,43.033,44.482,46.358,48.81,51.481,54.379,57.423,60.567,63.777,67.398,71.84,76.598,81.63,86.906,92.279,97.915,104.472,111.467,118.8,126.351,133.974,140.888,147.062,153.353,159.631,165.771,170.389,172.991,177.074,182.128,187.855,193.666,199.146,204.645,210.198,215.759,222.225,231.021,240.529,250.63,261.114,269.215,270.164,279.657,289.084,299.758,310.779,321.252,331.759,342.263,352.809,363.474,374.204,385.059,396.01,407.122,418.418,429.752,441.261,452.861,464.74,476.853,489.115,501.709,514.425,527.621,540.896,554.341,567.845,581.863,595.82,610.005,624.176,638.422
NAM,511.768,517.414,523.368,529.9,536.559,543.471,550.692,558.423,566.759,575.911,585.928,597.001,609.132,622.386,636.792,652.269,668.847,686.464,705.626,725.457,746.782,768.954,792.214,816.583,841.273,867.367,894.697,918.435,943.773,950.765,974.885,987.984,997.017,1023.6,1051.422,1080.557,1113.223,1148.938,1186.839,1232.553,1345.342,1393.263,1438.104,1484.54,1532.855,1579.753,1624.588,1667.619,1710.908,1754.581,1798.155,1839.139,1874.957,1904.984,1929.943,1954.221,1978.942,2004.833,2032.367,2061.745,2093.042,2126.579,2166.071,2223.237,2281.778,2342.499,2406.1,2472.326,2541.38,2613.273,2687.716,2769.807,2851.288,2928.037,2998.153,3062.109,3123.524,3182.968,3242.841,3301.485,3360.126,3419.79,3479.202,3537.272,3593.411,3650.231,3707.528,3764.333,3821.258,3879.344,3935.017,3989.793,4045.564,4101.15,4157.99,4214.218,4272.481,4327.441,4383.555,4435.344,4485.659
NCL,63.335,64.245,65.211,66.253,67.357,68.535,69.783,71.447,73.664,76.017,78.503,81.134,83.908,86.759,89.341,91.862,94.457,97.183,99.991,102.89,106.808,111.867,117.162,122.7,128.471,134.432,140.491,143.692,145.506,147.277,148.988,150.647,152.236,153.767,156.239,158.927,161.542,164.254,167.047,169.958,174.099,178.813,183.663,188.481,193.232,197.996,202.761,207.307,211.813,216.28,220.774,225.422,229.991,234.48,238.875,242.829,245.933,249.16,252.29,255.36,259.139,264.025,269.06,274.206,279.438,283.011,283.325,283.521,283.571,283.511,283.701,284.652,285.776,288.47,291.269,294.01,296.656,299.129,301.608,304.07,306.437,308.717,310.959,313.138,315.243,317.25,319.229,321.187,323.129,324.974,326.687,328.312,329.87,331.543,333.079,334.475,335.851,337.116,338.16,339.15,340.136
NER,2554.389,2641.231,2728.277,2815.499,2902.884,2990.885,3079.693,3169.806,3261.874,3356.577,3454.334,3555.765,3660.56,3768.48,3879.266,3992.361,4107.03,4224.058,4343.122,4464.152,4587.298,4713.251,4839.199,4970.491,5105.24,5244.667,5389.371,5540.552,5698.88,5866.985,6044.126,6227.816,6416.196,6609.268,6808.019,7011.923,7224.991,7446.631,7675.668,7911.829,8157.732,8414.387,8679.414,8955.853,9245.725,9550.792,9878.265,10211.438,10556.501,10926.324,11308.498,11710.762,12130.533,12567.755,13026.213,13505.46,14006.923,14530.239,15076.98,15646.849,16240.502,16857.167,17495.399,18178.14,18861.657,19570.161,20308.835,21062.672,21808.221,22567.917,23327.598,24107.629,24896.651,25727.295,26592.439,27472.386,28363.276,29266.48,30180.913,31106.212,32043.977,32992.173,33947.062,34910.216,35883.858,36860.911,37846.015,38834.275,39826.477,40820.464,41816.359,42817.122,43821.355,44830.89,45843.62,46862.703,47885.531,48910.47,49937.243,50967.165,51997.967
NGA,36932.16,37633.861,38354.293,39078.11,39801.53,40551.117,41320.152,42111.958,42922.993,43726.298,44597.063,45510.501,46468.119,47462.465,48484.684,49539.349,50634.178,51742.289,52843.84,54021.727,55242.1,56545.575,57883.793,59319.703,60844.576,62513.712,64307.919,66208.099,68261.08,70391.984,72604.499,74924.784,77211.423,79545.979,81330.541,83722.345,86073.6,88398.306,90785.125,93255.055,95806.973,98434.877,101005.446,103740.095,106504.044,109367.384,112271.472,115238.085,118271.498,121421.011,124673.629,128091.359,131633.83,135310.147,139095.142,143018.948,147015.559,151139.108,155395.414,159794.614,164304.314,168981.457,173777.738,178623.511,183475.375,188318.455,193025.301,197862.099,202647.058,207230.451,211740.831,216251.531,220807.042,225494.749,230271.141,235087.814,239967.749,244895.915,249852.61,254839.645,259865.631,264896.308,269945.841,275021.443,280088.787,285156.007,290215.518,295263.274,300283.214,305281.503,310248.009,315172.822,320041.666,324858.953,329628.926,334337.79,338987.213,343576.313,348111.705,352583.833,357001.017
NIC,1312.506,1350.372,1388.928,1429.114,1470.686,1513.826,1558.667,1605.278,1653.652,1703.827,1755.747,1808.992,1863.91,1920.729,1979.589,2040.762,2104.6,2171.04,2240.094,2311.578,2385.218,2460.912,2538.739,2608.417,2690.14,2774.009,2859.878,2947.824,3037.244,3123.385,3205.665,3299.141,3392.207,3485.283,3575.281,3662.926,3750.032,3838.281,3926.047,4018.594,4114.357,4210.761,4308.513,4405.539,4501.925,4596.708,4689.154,4770.794,4848.352,4918.959,4989.077,5056.19,5119.46,5180.359,5241.568,5304.255,5379.956,5457.755,5536.732,5616.454,5696.748,5778.152,5859.95,5942.623,6025.066,6107.917,6190.917,6274.414,6358.049,6442.111,6525.203,6605.331,6684.151,6777.156,6870.07,6962.209,7052.795,7141.863,7229.581,7315.792,7400.217,7482.989,7564.546,7644.245,7722.541,7799.24,7874.166,7947.407,8019.168,8089.102,8156.812,8223.017,8287.298,8349.741,8410.271,8469.16,8526.07,8580.752,8633.804,8684.764,8733.084
NIU,4.45,4.544,4.54,4.576,4.579,4.61,4.647,4.693,4.741,4.788,4.824,4.827,4.872,4.98,5.081,5.171,5.231,5.245,5.232,5.19,5.133,5.086,4.99,4.798,4.588,4.356,4.103,3.887,3.806,3.708,3.597,3.469,3.318,3.184,3.033,2.865,2.7,2.568,2.55,2.527,2.499,2.468,2.435,2.393,2.358,2.321,2.285,2.246,2.199,2.141,2.08,2.014,1.961,1.924,1.892,1.846,1.808,1.787,1.781,1.778,1.776,1.76,1.753,1.761,1.763,1.775,1.783,1.781,1.779,1.793,1.793,1.804,1.823,1.82,1.815,1.822,1.819,1.825,1.824,1.831,1.832,1.837,1.846,1.848,1.854,1.869,1.873,1.882,1.888,1.895,1.904,1.91,1.92,1.925,1.933,1.934,1.942,1.947,1.957,1.96,1.962
NLD,10027.047,10200.468,10328.606,10435.984,10551.077,10680.393,10822.067,10957.471,11096.285,11278.43,11417.776,11556.046,11722.684,11892.418,12045.894,12217.875,12384.375,12544.202,12671.465,12810.226,12971.045,13133.111,13283.598,13401.946,13505.541,13613.798,13746.273,13827.001,13910.208,13997.633,14102.705,14222.668,14302.71,14365.09,14428.712,14496.902,14581.016,14671.971,14777.923,14873.923,14968.299,15093.457,15216.723,15336.847,15442.593,15528.305,15601.76,15678.294,15768.95,15885.264,15995.104,16122.415,16242.995,16333.107,16400.717,16450.414,16481.006,16506.697,16556.017,16638.499,16729.801,16812.669,16889.445,16940.942,16993.184,17066.993,17147.873,17261.513,17369.227,17473.332,17601.682,17671.78,17789.347,18019.495,18165.554,18291.929,18401.709,18495.842,18580.192,18658.003,18727.022,18787.412,18840.517,18887.004,18929.43,18962.935,18991.769,19017.31,19035.825,19050.702,19060.114,19065.852,19066.442,19063.308,19057.62,19047.712,19036.237,19024.844,19007.702,18989.763,18969.162
NOR,3250.001,3280.381,3311.54,3344.135,3377.92,3410.86,3446.191,3475.94,3508.02,3537.987,3567.647,3594.595,3624.718,3652.964,3680.032,3708.608,3737.736,3767.841,3800.379,3831.797,3862.811,3887.88,3917.623,3948.194,3972.992,3997.567,4017.164,4035.275,4051.248,4066.099,4078.901,4092.306,4107.037,4122.435,4134.236,4145.708,4159.091,4175.414,4198.234,4220.705,4233.121,4249.758,4273.487,4299.034,4324.69,4348.244,4369.741,4392.528,4417.445,4445.181,4478.393,4503.341,4523.973,4552.055,4577.283,4606.202,4640.046,4680.942,4737.078,4799.124,4858.121,4920.203,4985.733,5051.182,5109.067,5165.723,5213.819,5258.147,5295.458,5328.047,5367.414,5391.133,5425.048,5488.555,5549.779,5603.541,5642.601,5663.376,5683.722,5702.771,5720.622,5737.567,5753.736,5768.643,5782.523,5795.387,5807.447,5819.142,5830.003,5840.385,5849.796,5857.943,5865.96,5872.805,5878.343,5883.482,5888.553,5892.258,5895.315,5898.226,5899.639
NPL,8308.568,8484.637,8660.691,8833.897,9002.548,9173.003,9342.951,9512.831,9683.239,9849.241,10028.583,10218.734,10418.057,10624.175,10835.462,11057.322,11289.5,11527.921,11777.511,12035.022,12299.05,12573.329,12846.793,13131.404,13419.075,13717.795,14023.595,14331.704,14666.646,15012.745,15368.434,15737.777,16107.068,16488.907,16889.331,17281.153,17674.23,18062.018,18438.993,18838.329,19277.286,19771.86,20301.141,20918.273,21442.044,21992.913,22497.965,22985.759,23453.166,23907.548,24342.85,24750.168,25143.328,25514.634,25862.883,26170.429,26448.487,26682.362,26894.622,27085.452,27260.617,27423.288,27505.7,27564.13,27615.862,27728.877,27918.381,27992.543,28029.973,28129.405,28698.722,29234.427,29715.593,29715.279,29673.95,29628.159,29608.076,29650.743,29803.582,30091.587,30372.637,30647.354,30914.481,31176.348,31431.713,31678.419,31917.59,32149.843,32374.722,32594.881,32806.503,33012.57,33211.947,33406.171,33592.704,33773.952,33948.169,34117.82,34276.697,34427.462,34572.943
NRU,3.355,3.459,3.562,3.653,3.736,3.823,3.946,4.096,4.22,4.374,4.533,4.682,4.865,5.092,5.361,5.668,5.995,6.092,6.177,6.479,6.683,6.736,6.788,6.836,6.896,6.951,7.024,7.105,7.221,7.375,7.56,7.737,7.941,8.138,8.295,8.459,8.643,8.84,9.052,9.277,9.504,9.74,9.96,10.082,10.122,10.153,10.176,10.19,10.204,10.192,10.182,10.153,10.108,10.055,10.063,10.057,10.041,10.026,10.014,10.005,10.027,10.059,10.136,10.398,10.636,10.849,11.059,11.241,11.407,11.548,11.626,11.66,11.757,11.845,11.905,11.988,12.063,12.14,12.249,12.343,12.461,12.581,12.714,12.849,12.995,13.15,13.317,13.466,13.624,13.779,13.947,14.131,14.313,14.495,14.667,14.843,15.012,15.188,15.358,15.518,15.683
NZL,1892.688,1929.838,1972.573,2022.922,2072.58,2117.702,2161.642,2208.043,2259.333,2310.656,2356.309,2402.652,2456.842,2511.968,2564.261,2613.278,2659.709,2705.456,2741.383,2767.668,2801.131,2843.224,2891.106,2947.409,3010.566,3071.896,3116.168,3137.097,3143.168,3141.319,3141.882,3150.772,3168.907,3201.339,3237.218,3262.438,3273.618,3289.398,3309.488,3322.564,3345.088,3448.869,3512.982,3551.507,3595.712,3646.349,3702.508,3756.249,3797.651,3825.091,3846.018,3869.13,3914.395,3987.842,4057.331,4110.49,4159.523,4204.357,4242.174,4281.474,4327.134,4368.407,4396.994,4426.359,4481.343,4564.623,4663.435,4766.105,4859.398,4942.296,5036.509,5103.281,5112.112,5151.357,5194.315,5233.573,5270.225,5304.733,5337.008,5366.65,5394.543,5420.155,5444.81,5467.423,5489.829,5510.302,5530.903,5550.675,5570.034,5589.74,5608.263,5626.318,5645.254,5662.987,5679.004,5693.643,5707.47,5719.43,5730.377,5741.17,5749.747
OMN,454.182,459.793,465.72,471.92,478.409,485.224,492.379,499.959,507.996,516.671,525.962,535.007,544.7,555.182,566.472,578.683,591.788,605.82,620.817,636.779,653.731,671.629,690.608,710.579,731.78,762.196,795.532,833.869,876.76,923.848,974.384,1028.112,1086.528,1148.828,1214.09,1281.343,1369.617,1457.222,1544.771,1632.365,1720.091,1807.817,1895.129,1981.348,2062.002,2101.667,2139.388,2174.464,2206.977,2238.001,2267.816,2296.447,2323.987,2350.294,2377.297,2432.345,2487.259,2542.331,2598.017,2655.041,2714.277,2800.615,3352.911,3741.3,3926.526,4078.352,4291.438,4490.317,4584.476,4611.279,4571.203,4473.79,4527.058,4933.394,5165.144,5397.932,5591.45,5751.467,5877.977,5980.657,6071.698,6153.713,6235.02,6315.926,6396.575,6477.279,6558.328,6639.888,6722.201,6805.356,6889.4,6974.547,7060.829,7148.129,7236.315,7325.387,7415.064,7505.487,7596.473,7688.187,7780.512
PAK,35499.506,36199.013,36964.783,37789.215,38670.093,39604.028,40592.111,41635.747,42734.526,43889.585,45100.739,46317.88,47524.674,48787.581,50107.97,51492.029,52925.99,54431.344,55998.193,57622.822,59299.056,61034.383,62661.416,64504.973,66418.852,68412.122,70510.229,72730.28,75073.375,77541.384,80452.695,84129.325,87474.774,90703.717,93751.705,96578.167,99880.404,103333.124,106928.31,110521.169,114152.088,118159.064,121961.749,125131.948,128908.285,132587.881,136576.625,140537.558,144526.05,148518.661,152612.093,157146.16,161395.654,165049.445,169171.051,173400.949,177505.476,181859.904,187126.557,191871.669,196881.399,201596.695,205895.434,209438.815,212709.142,215820.151,218761.614,221516.123,225031.812,228825.973,232775.824,237227.668,241727.933,245673.401,249335.59,253202.738,257236.371,261363.212,265668.44,270095.391,274579.648,279186.862,283869.271,288613.008,293411.515,298228.787,303058.23,307924.757,312781.82,317673.58,322538.176,327337.217,332155.71,336948.029,341721.673,346469.249,351206.204,355899.507,360514.802,365078.26,369610.589
PAN,850.6,871.1,892.899,916.001,940.39,965.781,992.143,1019.599,1048.218,1078.107,1109.494,1142.515,1177.224,1213.378,1250.87,1289.26,1328.41,1368.365,1408.89,1450.003,1491.768,1534.371,1577.791,1621.655,1665.725,1710.127,1754.65,1799.22,1843.865,1888.757,1934.346,1980.722,2028.114,2076.429,2125.784,2175.779,2226.051,2276.599,2327.341,2378.355,2429.285,2481.881,2534.65,2588.021,2642.176,2696.915,2752.199,2808.255,2865.136,2922.692,2980.952,3039.785,3099.288,3159.4,3220.214,3282.095,3343.956,3406.093,3468.887,3532.41,3596.352,3660.718,3726.291,3792.22,3858.439,3925.762,3994.307,4063.866,4133.548,4202.173,4267.228,4319.294,4371.516,4430.03,4487.488,4543.666,4598.712,4652.724,4705.759,4757.873,4808.87,4858.847,4907.926,4956.224,5003.39,5049.603,5094.923,5139.328,5182.843,5225.276,5266.527,5306.656,5345.709,5383.618,5420.443,5456.077,5490.476,5523.807,5555.925,5586.871,5616.462
PER,7571.186,7783.642,8003.598,8229.728,8460.07,8698.55,8945.476,9201.471,9466.272,9741.019,10026.288,10321.966,10628.281,10940.943,11263.254,11592.701,11929.47,12273.124,12624.503,12983.482,13350.053,13652.42,14023.715,14396.578,14769.156,15143.949,15523.965,15909.653,16309.958,16722.161,17144.116,17577.783,18019.827,18473.179,18938.734,19410.698,19885.711,20348.532,20816.107,21293.298,21771.879,22257.664,22709.886,23182.795,23644.771,24118.215,24579.623,25042.719,25505.576,25970.615,26402.394,26794.268,27134.933,27441.502,27719.479,27984.901,28217.46,28431.522,28629.876,28808.206,28985.416,29186.623,29421.548,29679.184,29956.654,30274.998,30640.202,31092.785,31556.488,32238.679,32659.927,33017.232,33294.532,33656.344,34034.89,34400.805,34752.525,35091.771,35419.598,35736.978,36044.439,36343.321,36633.561,36916.329,37192.423,37461.189,37721.662,37974.653,38219.142,38455.522,38684.26,38905.037,39118.049,39322.71,39518.591,39707.109,39886.338,40057.1,40218.657,40371.054,40515.509
PHL,18500.57,19198.485,19937.677,20719.827,21545.173,22419.834,23341.313,24310.307,25321.402,26363.646,27451.569,28332.226,29253.015,30194.058,31155.404,32130.659,33119.972,34114.367,35128.273,36148.411,37173.187,38071.221,38966.097,39851.024,40737.236,41611.446,42630.206,43772.77,44963.154,46187.409,47426.798,48660.682,49962.772,51428.643,52960.598,54491.764,55934.248,57355.907,58959.085,60519.018,62011.501,63697.832,65066.665,66785.586,68275.657,69762.925,71329.566,73050.919,74766.701,76815.347,78691.166,80559.628,82243.348,83894.429,85569.241,87219.768,88812.155,90205.817,91944.551,93453.638,95314.862,97359.388,99137.841,101213.184,102939.488,104594.772,106031.211,107440.227,108799.16,110131.413,111477.954,112684.574,113517.326,114411.351,115371.047,116316.292,117257.633,118191.31,119121.517,120046.446,120957.813,121859.977,122743.217,123617.444,124480.613,125327.615,126154.328,126962.124,127743.069,128493.985,129206.096,129887.223,130532.38,131141.613,131713.173,132246.154,132737.909,133186.092,133584.481,133934.38,134243.619
PLW,7.375,7.574,7.727,7.903,8.102,8.317,8.514,8.672,8.822,8.982,9.22,9.435,9.675,9.911,10.163,10.421,10.674,10.935,11.041,11.119,11.199,11.538,11.98,12.408,12.696,12.677,12.633,12.564,12.487,12.392,12.282,12.26,12.543,12.846,13.166,13.508,13.869,14.178,14.489,14.801,15.089,15.429,15.8,16.178,16.567,16.973,17.417,17.891,18.325,18.724,19.079,19.278,19.426,19.579,19.739,19.902,19.735,19.451,19.153,18.864,18.555,18.238,17.917,17.614,17.682,17.748,17.791,17.803,17.821,17.808,17.788,17.796,17.77,17.748,17.707,17.684,17.641,17.588,17.539,17.469,17.41,17.342,17.262,17.202,17.13,17.054,16.976,16.907,16.817,16.739,16.643,16.561,16.457,16.351,16.257,16.143,16.035,15.923,15.808,15.693,15.573
PNG,1526.961,1559.897,1589.947,1629.128,1671.329,1715.68,1762.758,1812.121,1862.884,1915.044,1967.964,2022.255,2069.998,2117.839,2164.913,2211.738,2259.902,2311.646,2363.417,2418.19,2475.663,2535.592,2597.251,2659.614,2721.644,2783.697,2845.944,2908.711,2971.943,3035.485,3099.198,3163.826,3230.211,3298.372,3368.894,3441.501,3516.37,3593.216,3671.869,3751.891,3840.265,3952.696,4090.978,4242.421,4399.322,4561.095,4727.461,4899.262,5076.505,5256.274,5442.391,5631.736,5825.135,6022.872,6225.122,6430.96,6640.85,6854.59,7072.099,7293.904,7518.972,7748.074,7970.618,8192.162,8413.233,8633.649,8852.843,9070.592,9286.836,9502.191,9715.829,9915.662,10110.13,10296.209,10483.061,10669.942,10855.692,11040.004,11222.541,11403.247,11582.36,11760.489,11935.954,12110.301,12282.992,12455.521,12625.684,12795.681,12963.799,13130.448,13294.892,13457.429,13617.312,13774.982,13931.855,14088.012,14243.164,14394.62,14543.823,14690.918,14836.287
POL,24563.596,24996.726,25448.658,25896.261,26356.65,26824.298,27302.981,27768.155,28384.841,28902.438,29362.616,29789.316,30170.061,30506.112,30841.928,31144.342,31432.329,31704.239,31953.022,32203.753,32441.797,32643.47,32899.122,33184.87,33481.678,33803.245,34125.553,34467.66,34789.364,35079.062,35417.711,35735.327,36066.499,36400.421,36746.977,37064.623,37337.083,37568.138,37763.277,37872.451,38003.724,38107.186,38198.708,38268.572,38321.191,38367.434,38361.9,38356.441,38340.179,38312.694,38262.731,38253.412,38241.301,38217.515,38189.533,38145.611,38103.147,38039.187,38001.655,37990.149,38014.161,38176.542,38240.743,38254.992,38263.533,38266.693,38265.935,38260.595,38249.322,38232.819,38218.95,38123.074,37957.529,38813.949,38711.738,38366.664,37915.155,37771.222,37618.818,37457.695,37286.854,37110.231,36925.794,36736.559,36543.08,36344.718,36142.857,35935.016,35724.496,35509.549,35290.711,35068.396,34844.272,34615.144,34383.355,34149.592,33912.526,33673.214,33431.16,33187.031,32939.44
PRI,2219.396,2238.782,2256.282,2271.026,2284.731,2297.487,2309.485,2320.279,2329.192,2337.226,2346.909,2380.925,2421.417,2461.074,2500.078,2538.001,2575.286,2612.399,2648.628,2682.941,2713.905,2754.939,2800.997,2847.732,2894.517,2941.872,2990.339,3039.585,3089.306,3139.0,3191.076,3236.284,3276.846,3314.996,3350.294,3384.105,3414.517,3443.022,3471.254,3498.885,3525.133,3556.963,3590.376,3622.408,3652.003,3680.154,3707.042,3732.858,3758.302,3782.812,3806.14,3813.592,3812.434,3808.991,3803.095,3794.218,3782.612,3769.818,3756.357,3741.898,3728.131,3701.541,3665.879,3626.965,3586.573,3544.16,3499.463,3452.552,3291.195,3288.941,3287.115,3264.495,3241.925,3240.012,3244.033,3240.375,3230.204,3215.171,3197.039,3175.992,3153.595,3127.89,3102.506,3076.263,3048.848,3020.437,2992.46,2964.079,2933.786,2902.128,2870.238,2837.333,2804.301,2770.865,2737.044,2702.5,2667.385,2631.108,2595.362,2559.3,2522.118
PRK,11394.743,10838.728,10328.409,10178.875,10175.95,10309.653,10496.996,10703.762,11005.608,11321.887,11584.092,11861.814,12119.612,12406.153,12727.96,13051.579,13387.158,13751.029,14165.67,14565.523,14969.708,15375.842,15769.071,16181.067,16519.666,16826.575,17115.535,17371.366,17614.23,17857.759,18109.182,18364.391,18638.199,18914.515,19193.552,19476.534,19764.242,20057.468,20353.498,20652.824,20955.91,21268.363,21588.913,21912.908,22233.795,22554.155,22784.452,23007.04,23214.62,23408.507,23586.69,23745.129,23885.588,24002.358,24178.402,24331.484,24461.383,24587.631,24705.136,24824.099,24932.565,25041.952,25153.795,25269.661,25389.242,25513.281,25637.419,25759.234,25876.183,25986.112,26089.153,26183.471,26281.596,26376.094,26460.314,26537.332,26604.741,26662.641,26710.355,26748.19,26775.844,26793.963,26801.938,26800.226,26789.924,26771.065,26744.382,26710.262,26669.587,26623.07,26570.888,26513.977,26452.984,26388.658,26320.027,26248.008,26172.398,26093.454,26010.739,25924.438,25834.076
PRT,8386.357,8451.396,8496.996,8549.851,8595.643,8638.277,8687.498,8720.627,8765.952,8819.603,8861.139,8885.297,8891.452,8900.1,8896.504,8895.023,8884.227,8860.732,8830.951,8788.458,8720.019,8619.028,8752.136,8879.058,8999.415,9118.937,9245.668,9374.844,9501.49,9611.3,9715.305,9811.944,9863.228,9908.449,9942.067,9971.724,9987.213,9998.974,10005.012,10004.167,9998.584,9980.464,9957.889,9962.79,9981.893,10015.08,10048.421,10086.877,10134.226,10184.825,10244.918,10321.491,10387.158,10438.93,10469.56,10493.203,10512.784,10535.456,10558.193,10569.968,10582.566,10574.754,10539.351,10486.949,10429.646,10382.751,10357.783,10334.961,10326.727,10323.979,10362.447,10378.591,10403.32,10430.825,10430.651,10419.934,10403.733,10386.992,10368.969,10347.628,10327.304,10308.55,10288.31,10265.782,10243.535,10219.809,10196.672,10172.644,10148.944,10123.568,10096.396,10068.115,10041.976,10014.592,9984.488,9954.08,9922.699,9889.981,9856.897,9824.242,9788.033
PRY,1487.827,1520.862,1555.024,1590.186,1626.408,1663.44,1701.132,1739.679,1779.287,1820.011,1861.917,1905.11,1949.678,1996.582,2047.236,2099.003,2151.35,2203.819,2256.168,2308.614,2361.369,2414.687,2470.387,2529.374,2592.831,2658.411,2724.884,2792.788,2862.959,2935.58,3012.355,3094.115,3181.093,3271.284,3364.851,3461.021,3560.32,3662.629,3767.149,3873.943,3981.662,4089.833,4198.895,4308.304,4417.088,4525.747,4633.864,4741.222,4847.602,4952.449,5053.82,5147.916,5227.462,5295.194,5357.679,5418.67,5477.524,5532.771,5586.002,5641.145,5701.328,5774.615,5854.637,5939.379,6025.511,6114.111,6204.095,6294.157,6383.164,6471.599,6558.517,6648.962,6719.402,6801.526,6886.766,6971.54,7054.615,7135.944,7215.404,7293.644,7370.167,7445.068,7518.212,7590.234,7660.682,7729.563,7797.476,7864.287,7929.659,7994.071,8056.907,8118.236,8178.567,8238.077,8295.936,8352.727,8408.332,8463.176,8515.744,8566.944,8616.483
PSE,940.731,948.516,957.376,967.236,978.078,989.953,1002.811,1016.684,1031.569,1047.478,1064.304,1081.857,1099.998,1118.681,1136.255,1145.084,1149.536,1143.252,1128.388,1115.095,1111.077,1121.482,1146.745,1182.755,1221.762,1260.505,1298.136,1334.653,1370.772,1408.22,1448.012,1490.105,1535.302,1586.678,1650.877,1726.332,1764.181,1814.439,1939.08,2015.529,2095.687,2182.447,2275.461,2373.924,2476.208,2582.11,2690.992,2802.651,2916.5,3009.276,3103.228,3200.357,3284.213,3360.515,3435.626,3514.729,3600.072,3690.12,3783.261,3874.82,3967.672,4066.159,4165.656,4264.97,4365.551,4466.212,4576.918,4688.56,4796.925,4904.26,5011.276,5128.108,5242.563,5367.977,5450.426,5540.46,5638.786,5746.794,5853.352,5959.81,6067.574,6177.054,6288.152,6400.253,6516.465,6633.05,6752.42,6869.91,6988.763,7107.255,7230.695,7352.957,7475.333,7597.127,7717.049,7836.063,7954.127,8067.838,8179.637,8288.779,8397.46
PYF,63.592,65.093,66.718,68.507,70.467,72.647,75.05,77.601,79.282,81.018,82.78,84.562,86.307,88.216,91.257,94.39,97.645,100.994,104.515,108.192,112.03,115.991,119.9,123.873,127.921,131.999,136.091,140.138,144.488,149.155,153.983,158.959,164.052,169.24,174.259,178.679,183.298,188.041,192.857,197.529,201.756,205.797,209.691,213.427,217.011,220.466,223.77,227.209,231.034,234.748,238.442,242.232,245.963,249.588,253.686,257.622,261.391,265.055,267.821,268.937,270.026,271.134,272.32,273.847,275.608,277.167,278.565,279.79,280.383,279.248,278.819,279.599,279.985,280.771,281.466,282.147,282.783,283.369,283.972,284.57,285.221,285.872,286.433,286.946,287.416,287.856,288.277,288.573,288.794,289.015,289.157,289.181,289.071,288.919,288.636,288.34,287.923,287.412,286.805,286.082,285.207
QAT,23.9,24.666,25.467,26.307,27.169,28.064,29.008,30.04,31.235,32.702,34.609,37.411,41.949,47.312,53.449,60.286,67.844,76.54,86.339,97.159,108.892,123.807,138.885,154.128,169.555,185.169,201.005,217.098,233.472,250.143,267.197,284.63,302.475,320.599,338.819,356.937,374.944,389.9,404.111,418.418,432.874,447.477,462.228,477.086,492.003,506.916,521.734,536.303,564.698,596.382,628.619,661.359,694.491,727.919,761.445,785.22,865.595,1080.067,1337.123,1516.754,1655.345,1763.114,1858.786,1955.448,2109.834,2326.91,2527.751,2670.993,2742.426,2779.858,2815.984,2790.766,2839.198,2945.712,3012.452,3084.394,3147.383,3199.736,3242.094,3281.172,3316.996,3350.225,3384.365,3419.412,3455.436,3492.365,3530.152,3568.889,3608.538,3649.066,3690.422,3732.584,3775.469,3819.065,3863.313,3908.182,3953.611,3999.582,4046.066,4093.062,4140.482
REU,244.526,253.902,263.121,273.274,283.333,294.937,305.916,317.251,329.191,340.935,353.162,365.95,378.201,389.487,401.166,413.168,424.254,435.205,445.417,455.342,464.779,473.397,481.805,490.256,498.663,506.992,515.611,524.258,532.86,541.304,549.431,556.837,565.117,574.16,584.304,595.062,605.76,616.006,626.202,636.318,646.652,658.492,670.417,682.423,693.777,704.953,715.957,726.946,738.477,749.653,758.575,767.706,776.765,785.841,795.28,798.721,801.727,811.632,825.826,835.15,841.785,847.158,846.406,843.711,851.48,865.86,864.164,861.555,855.953,857.931,856.724,866.168,869.99,873.091,876.675,880.506,884.305,888.291,892.126,895.777,899.241,902.497,906.004,909.288,912.352,915.252,918.141,921.093,923.647,926.219,928.368,930.588,932.639,934.704,936.604,938.323,939.45,940.363,941.201,941.511,941.605
ROU,16281.956,16512.602,16738.598,16953.496,17161.9,17371.427,17579.11,17803.881,17970.697,18121.561,18253.836,18373.154,18471.874,18551.465,18623.395,18687.408,18738.7,18813.818,19183.292,19538.818,19864.798,20158.451,20428.514,20682.638,20914.009,21153.095,21383.045,21612.322,21788.033,21948.1,22091.147,22218.395,22327.184,22421.701,22496.713,22571.284,22640.356,22709.129,22782.054,22848.805,22926.476,22952.584,22942.243,22882.542,22801.959,22710.526,22604.92,22478.9,22344.125,22225.676,22106.642,21985.881,21853.954,21686.079,21500.822,21305.613,21121.162,20950.303,20791.129,20646.355,20507.498,20357.65,20206.372,20110.533,20015.309,19921.039,19821.0,19733.101,19645.702,19550.042,19453.042,19331.896,19164.426,19169.119,19067.838,18962.338,18854.963,18746.246,18636.869,18526.911,18415.185,18303.829,18191.697,18079.653,17966.084,17852.408,17736.426,17619.67,17502.912,17384.929,17268.195,17151.241,17032.323,16915.179,16797.508,16679.052,16561.588,16444.393,16325.263,16206.126,16086.598
RUS,102666.467,104118.253,105571.062,107081.701,108621.657,110304.822,112017.163,113801.044,115659.626,117517.906,119069.875,120798.408,122410.2,123813.227,125086.278,126174.029,127094.399,127972.863,128712.424,129417.657,130106.717,130627.662,131346.563,132106.275,132844.024,133674.292,134597.903,135563.478,136518.473,137439.702,138193.379,138951.867,139751.129,140744.368,141918.189,143010.289,144128.489,145487.137,146807.628,147921.351,148642.381,149316.7,149580.166,148251.816,148019.032,148382.441,148200.365,147968.8,147738.741,147532.321,146951.628,146483.937,145750.631,146128.369,145460.09,144900.103,144295.666,143910.23,143809.297,143814.384,143923.88,143945.051,144142.446,144439.612,144768.583,145082.693,145532.538,146024.816,146348.782,146511.509,146554.625,146187.972,145484.378,145675.42,145205.581,144435.265,143559.521,143229.395,142858.854,142480.73,142089.382,141689.437,141261.464,140859.287,140469.898,140091.664,139727.619,139375.42,139034.326,138719.274,138415.363,138148.299,137895.225,137670.254,137445.556,137244.454,137059.959,136887.457,136691.348,136480.604,136256.184
RWA,2117.998,2196.195,2275.867,2357.153,2439.566,2524.678,2611.919,2701.7,2794.048,2886.21,2978.578,3066.011,3147.547,3224.503,3293.278,3376.389,3470.031,3573.22,3685.934,3802.086,3920.456,4040.881,4159.207,4281.463,4408.63,4539.826,4675.63,4816.279,4960.202,5110.139,5268.942,5437.576,5616.885,5806.213,6004.41,6210.844,6423.612,6640.15,6858.835,7077.307,7292.105,7458.509,7595.422,7771.111,8191.153,5393.552,5954.684,7462.844,8047.632,8115.729,8180.094,8247.767,8326.422,8473.938,8699.812,8933.875,9175.181,9423.311,9676.556,9931.981,10188.882,10446.225,10701.241,10958.561,11228.119,11501.395,11778.649,12059.717,12344.404,12631.588,12920.618,13211.056,13499.464,13802.596,14106.347,14406.786,14731.895,15047.491,15381.164,15691.759,15997.557,16311.853,16634.364,16909.281,17237.669,17566.839,17925.798,18227.755,18563.937,18895.639,19257.936,19623.604,19988.746,20319.224,20682.446,20991.719,21313.596,21604.716,21924.463,22247.78,22560.007
SAU,1673.726,1732.815,1794.398,1858.621,1925.703,1995.544,2068.366,2144.087,2222.998,2305.193,2390.829,2479.978,2572.715,2669.106,2769.577,2874.358,2983.184,3096.591,3217.893,3347.528,3486.7,3638.239,3809.823,4001.62,4211.068,4436.197,4676.377,4939.489,5226.607,5537.197,5870.199,6225.795,6615.307,7033.666,7472.216,7922.398,8381.161,8876.117,9384.271,9874.058,10382.729,10898.652,11422.836,11950.517,12481.207,13018.872,13559.618,14102.4,14647.487,15196.884,15747.265,16608.179,17474.615,18347.204,19226.329,20112.631,21007.149,21911.139,22825.486,23750.269,24685.038,25629.219,26582.071,27542.814,28510.837,29485.42,30464.456,30971.161,30593.643,30136.598,30809.025,31173.389,31483.36,32867.343,33661.241,34264.272,34868.384,35463.19,36055.292,36633.674,37187.825,37699.678,38212.495,38725.398,39239.379,39754.512,40270.768,40787.351,41303.548,41819.714,42334.724,42849.687,43363.726,43876.777,44388.914,44900.893,45412.036,45921.584,46429.395,46936.393,47441.7
SDN,6098.654,6281.167,6470.953,6666.266,6865.544,7073.727,7289.657,7513.526,7745.372,7980.696,8232.273,8496.705,8773.177,9064.879,9371.276,9690.941,10025.118,10370.039,10731.156,11104.843,11493.03,11898.512,12312.566,12743.146,13355.483,13805.963,14323.632,14815.799,15357.43,16032.575,16678.128,17439.682,18121.463,18851.828,19367.713,19725.343,20086.4,20490.076,20919.732,21357.131,21798.913,22244.048,22697.304,23157.405,23733.779,24354.118,24990.167,25472.888,26126.755,26791.243,27469.983,28163.506,28870.034,29587.42,30204.65,30908.624,31616.263,32368.607,33159.662,34088.297,35049.928,35778.871,36502.741,37343.615,38228.082,39418.554,40630.309,41889.475,43539.138,44922.054,46174.297,47404.165,48729.683,50037.008,50048.573,50849.352,52474.943,54090.494,55357.941,56629.728,57921.151,59222.082,60523.793,61835.166,63159.241,64485.474,65811.159,67128.872,68453.609,69761.81,71071.442,72389.757,73722.682,75052.437,76394.888,77738.021,79092.385,80442.15,81788.327,83138.065,84518.643
SEN,2523.979,2586.76,2652.525,2721.472,2793.661,2869.12,2947.889,3029.975,3114.753,3202.76,3293.876,3387.938,3484.812,3584.561,3687.192,3793.879,3905.697,4022.901,4144.839,4270.336,4399.611,4533.044,4670.684,4812.577,4957.784,5101.09,5240.53,5376.597,5502.501,5633.692,5772.097,5919.179,6075.142,6238.78,6410.228,6588.499,6778.074,6978.31,7184.751,7394.485,7609.928,7831.118,8055.052,8281.738,8510.837,8737.319,8958.883,9175.145,9391.845,9614.059,9847.715,10088.805,10337.079,10595.349,10847.003,11104.406,11366.538,11633.651,11907.036,12190.882,12483.896,12786.929,13130.864,13490.125,13931.573,14372.63,14814.031,15255.01,15694.993,16134.004,16571.839,17006.6,17435.133,17867.073,18288.074,18715.895,19148.038,19585.058,20029.435,20479.69,20933.561,21392.822,21854.604,22317.248,22780.43,23243.624,23709.569,24174.883,24640.262,25104.783,25567.189,26027.831,26487.116,26945.75,27404.049,27861.946,28317.452,28775.115,29228.892,29685.588,30138.098
SGP,986.749,1039.878,1096.193,1155.986,1219.054,1285.508,1354.953,1426.958,1489.584,1541.87,1593.638,1645.007,1695.915,1746.436,1796.589,1846.342,1895.303,1942.876,1988.482,2031.702,2072.613,2110.503,2146.363,2182.305,2217.969,2252.181,2284.865,2316.621,2346.469,2374.736,2401.578,2473.408,2590.196,2664.638,2707.325,2734.521,2735.538,2753.769,2809.461,2888.629,2988.681,3090.501,3182.081,3270.848,3364.936,3470.698,3596.551,3732.569,3860.676,3942.159,3990.955,4079.535,4152.797,4140.988,4135.502,4210.033,4326.694,4487.422,4705.608,4907.874,5029.261,5124.767,5239.711,5346.968,5424.209,5491.591,5559.088,5596.771,5611.386,5657.353,5681.772,5558.529,5534.051,5765.718,5812.461,5852.313,5889.187,5922.308,5956.784,5989.912,6018.264,6044.491,6072.318,6098.129,6124.177,6145.385,6161.08,6172.62,6183.805,6192.304,6195.539,6194.024,6188.634,6182.134,6174.429,6161.921,6150.454,6136.765,6119.563,6106.852,6090.563
SHN,5.192,5.256,5.293,5.309,5.32,5.318,5.298,5.294,5.317,5.331,5.348,5.376,5.402,5.425,5.453,5.468,5.483,5.518,5.585,5.659,5.733,5.819,5.896,5.969,6.035,6.099,6.157,6.188,6.259,6.313,6.365,6.416,6.475,6.546,6.602,6.645,6.663,6.702,6.697,6.675,6.635,6.599,6.546,6.502,6.444,6.381,6.316,6.258,6.191,6.126,6.054,5.979,5.897,5.803,5.702,5.6,5.486,5.379,5.266,5.279,5.313,5.345,5.384,5.422,5.448,5.484,5.526,5.508,5.494,5.469,5.448,5.412,5.368,5.318,5.259,5.216,5.177,5.118,5.064,5.014,4.955,4.902,4.846,4.791,4.737,4.682,4.63,4.585,4.534,4.476,4.437,4.387,4.341,4.3,4.248,4.213,4.16,4.12,4.073,4.032,3.993
SJM,2.0,2.008219178082192,2.0164383561643837,2.024657534246575,2.032876712328767,2.041095890410959,2.0493150684931503,2.0575342465753423,2.065753424657534,2.073972602739726,2.0821917808219177,2.0904109589041093,2.0986301369863014,2.106849315068493,2.1150684931506847,2.1232876712328768,2.1315068493150684,2.13972602739726,2.147945205479452,2.1561643835616437,2.1643835616438354,2.1726027397260275,2.180821917808219,2.1890410958904107,2.1972602739726024,2.2054794520547945,2.213698630136986,2.2219178082191777,2.23013698630137,2.2383561643835614,2.246575342465753,2.254794520547945,2.263013698630137,2.271232876712329,2.279452054794521,2.287671232876713,2.2958904109589042,2.3041095890410963,2.312328767123288,2.3205479452054796,2.3287671232876708,2.3369863013698633,2.345205479452055,2.3534246575342466,2.3616438356164386,2.3698630136986303,2.378082191780822,2.386301369863014,2.3945205479452056,2.4027397260273973,2.4109589041095894,2.419178082191781,2.4273972602739726,2.4356164383561647,2.4438356164383563,2.452054794520548,2.4602739726027396,2.4684931506849317,2.4767123287671233,2.484931506849315,2.493150684931507,2.5013698630136987,2.5095890410958903,2.5178082191780824,2.526027397260274,2.5342465753424657,2.5424657534246577,2.55068493150685,2.558904109589041,2.567123287671233,2.5753424657534247,2.5835616438356164,2.591780821917808,2.6,2.6148148148148147,2.6296296296296298,2.6444444444444444,2.659259259259259,2.674074074074074,2.6888888888888887,2.7037037037037037,2.718518518518519,2.7333333333333334,2.7481481481481485,2.762962962962963,2.7777777777777777,2.7925925925925927,2.8074074074074074,2.822222222222222,2.837037037037037,2.8518518518518516,2.8666666666666667,2.8814814814814813,2.896296296296296,2.9111111111111114,2.925925925925926,2.9407407407407407,2.9555555555555557,2.9703703703703703,2.9851851851851854,3.0
SLB,107.528,109.74,112.175,114.801,117.62,120.603,123.777,126.913,130.442,134.166,138.085,141.291,144.533,147.869,151.309,154.861,158.512,162.275,166.215,170.349,174.604,178.554,182.719,187.27,192.279,197.802,203.687,210.7,218.137,225.921,233.985,242.285,250.826,259.574,268.563,277.762,287.149,296.535,306.293,316.237,326.327,336.543,346.934,357.476,368.201,379.15,390.317,401.7,413.249,424.893,436.108,444.83,453.42,461.922,470.385,478.837,487.324,495.863,504.448,513.132,523.15,542.786,563.104,584.109,605.781,628.035,650.795,673.962,697.381,720.821,735.473,753.523,771.66,790.472,809.539,828.857,848.434,868.141,888.065,908.087,928.225,948.472,968.771,989.195,1009.448,1029.64,1049.673,1069.389,1088.797,1107.797,1126.393,1144.517,1162.402,1180.269,1197.984,1215.5,1232.898,1250.092,1267.14,1284.047,1300.802
SLE,1987.938,2011.309,2035.244,2059.156,2082.465,2107.666,2134.112,2161.845,2190.655,2219.023,2251.028,2285.685,2322.768,2361.717,2402.798,2445.982,2491.351,2537.925,2586.843,2636.22,2686.51,2738.062,2788.383,2840.393,2893.517,2947.401,3001.912,3055.728,3114.981,3176.053,3238.945,3305.233,3372.647,3443.719,3519.572,3597.945,3678.93,3777.829,3881.607,3987.428,4080.646,4313.011,4179.523,4153.209,4161.05,4185.16,4173.198,4225.222,4282.209,4309.361,4326.726,4520.497,4864.934,5077.935,5277.439,5433.994,5569.431,5679.501,5819.204,5970.241,6141.052,6304.376,6470.126,6632.034,6796.069,6956.701,7118.609,7292.048,7466.55,7642.576,7821.406,8003.71,8185.494,8368.119,8552.905,8731.14,8908.448,9085.041,9264.344,9433.706,9607.929,9781.787,9958.81,10135.589,10306.439,10476.542,10649.793,10818.902,10985.635,11146.665,11313.457,11483.343,11649.09,11808.493,11967.381,12131.471,12286.29,12440.625,12584.887,12734.336,12875.949
SLV,2157.496,2209.516,2261.093,2314.811,2369.156,2426.506,2486.684,2549.646,2615.376,2681.946,2753.127,2829.79,2910.242,2988.166,3069.192,3154.573,3244.359,3337.562,3432.807,3528.738,3624.232,3713.361,3801.685,3891.975,3984.161,4075.182,4165.715,4254.904,4347.608,4440.621,4520.155,4560.608,4580.59,4664.364,4750.37,4845.637,4943.774,5041.763,5143.12,5248.545,5349.413,5450.04,5540.113,5631.106,5688.807,5739.451,5784.81,5825.762,5863.394,5898.168,5929.633,5957.099,5979.021,5994.24,6002.957,6006.385,6004.77,5999.869,6019.78,6038.813,6057.745,6078.754,6101.5,6126.45,6151.228,6174.682,6192.671,6208.928,6218.139,6221.476,6223.159,6246.188,6265.375,6295.263,6323.985,6352.401,6378.605,6403.902,6428.983,6452.884,6475.944,6496.469,6516.335,6535.259,6554.064,6570.313,6586.049,6600.599,6613.441,6626.225,6636.11,6645.393,6653.193,6659.236,6664.532,6666.97,6669.08,6669.739,6669.933,6668.512,6664.999
SMR,12.857,13.038,13.201,13.357,13.517,13.702,13.884,14.214,14.554,14.899,15.247,15.609,15.988,16.377,16.783,17.171,17.44,17.605,17.771,17.951,18.102,18.233,18.605,18.968,19.017,19.043,19.049,19.17,20.865,21.186,21.454,21.716,21.965,22.146,22.311,22.381,22.59,22.682,22.689,22.996,23.311,23.639,23.956,24.293,24.651,24.995,25.321,25.642,25.959,26.291,26.628,26.97,27.316,27.665,28.022,28.383,28.76,29.125,29.506,29.897,30.283,30.964,33.374,33.559,33.681,33.77,34.032,34.291,34.465,34.592,34.714,34.823,34.322,33.858,33.607,33.555,33.59,33.62,33.66,33.711,33.733,33.751,33.759,33.784,33.79,33.81,33.845,33.871,33.923,33.96,33.974,33.965,33.961,33.991,33.985,33.937,33.904,33.862,33.824,33.767,33.712
SOM,2181.367,2244.894,2308.467,2372.031,2435.11,2499.515,2564.992,2631.743,2699.661,2767.15,2839.031,2913.631,2990.477,3069.706,3151.016,3234.575,3321.172,3409.039,3500.035,3593.146,3688.885,3788.012,3887.37,3991.501,4099.683,4204.001,4311.07,4420.554,4547.545,5082.24,5815.993,6056.314,5909.384,6098.295,6298.565,6558.213,6828.366,7121.209,7335.395,7135.325,7094.309,7071.314,6556.205,6434.009,6928.789,7124.804,7445.21,7663.737,7985.313,8325.521,8658.598,9018.828,9378.158,9721.968,10096.346,10465.65,10822.806,11128.197,11516.966,11809.202,12113.2,12410.313,12287.347,12634.974,13104.215,13574.767,14039.16,14658.32,15174.939,15730.034,16331.908,16970.473,17572.39,18031.404,18685.826,19332.476,19977.002,20634.812,21283.313,21920.318,22575.12,23254.968,23924.624,24592.972,25250.711,25936.634,26653.266,27365.141,28097.214,28814.303,29521.507,30271.067,31000.858,31699.212,32416.76,33144.097,33876.235,34619.829,35372.934,36115.0,36834.382
SPM,4.46,4.517,4.547,4.613,4.666,4.736,4.797,4.831,4.859,4.94,4.99,4.993,4.969,5.023,5.111,5.202,5.27,5.356,5.432,5.504,5.595,5.677,5.77,5.852,5.949,6.013,6.049,6.086,6.124,6.154,6.169,6.175,6.121,6.163,6.209,6.259,6.296,6.333,6.357,6.361,6.338,6.368,6.392,6.415,6.423,6.437,6.434,6.42,6.406,6.328,6.3,6.285,6.263,6.232,6.189,6.142,6.085,6.053,6.044,6.029,6.03,6.018,6.008,5.983,5.969,5.953,5.94,5.92,5.918,5.901,5.851,5.803,5.755,5.709,5.654,5.602,5.545,5.482,5.427,5.373,5.314,5.263,5.207,5.163,5.105,5.052,5.001,4.96,4.914,4.871,4.819,4.778,4.723,4.676,4.633,4.583,4.523,4.467,4.41,4.354,4.288
SRB,5980.465,6037.937,6096.146,6158.394,6226.427,6307.345,6385.309,6460.227,6532.674,6601.791,6668.644,6737.28,6805.507,6871.763,6936.56,6999.866,7062.401,7124.054,7184.724,7243.317,7298.786,7350.063,7400.216,7449.261,7497.767,7547.204,7597.672,7647.734,7695.233,7738.63,7777.795,7814.765,7840.948,7858.35,7870.837,7879.265,7883.831,7885.327,7885.39,7883.521,7879.027,7870.161,7863.973,7855.644,7843.807,7830.51,7816.059,7799.384,7778.981,7752.863,7715.867,7673.344,7630.51,7602.976,7578.895,7552.787,7525.479,7497.308,7468.67,7439.888,7410.807,7380.922,7348.795,7300.451,7251.908,7202.497,7152.009,7100.157,7046.856,6993.182,6939.123,6876.501,6794.359,6788.068,6758.334,6714.098,6663.98,6619.948,6575.113,6529.847,6484.312,6438.111,6391.671,6344.881,6297.589,6250.325,6202.83,6155.287,6107.413,6059.492,6011.327,5963.585,5915.835,5868.518,5821.955,5775.986,5730.547,5685.741,5641.489,5597.748,5554.308
SSD,2476.015,2510.551,2548.689,2589.728,2633.739,2680.448,2729.716,2779.468,2828.724,2867.985,2909.585,2953.533,2999.915,3048.701,3096.636,3163.199,3216.471,3256.375,3298.921,3344.134,3386.932,3432.296,3504.995,3580.0,3674.767,3771.751,3871.236,3972.584,4075.481,4179.832,4285.377,4392.684,4501.86,4613.512,4709.636,4791.617,4876.975,4965.506,4959.285,4736.772,4689.685,4785.581,4887.773,4931.726,4980.279,5162.089,5289.582,5424.268,5594.003,5646.132,5897.125,6167.41,6449.373,6744.24,7062.013,7404.069,7776.217,8176.836,8600.739,9034.555,9452.557,10039.35,10536.868,10975.612,11356.939,11113.206,11101.917,10558.287,9960.02,10285.934,10560.834,10836.1,10895.46,11146.895,11819.853,12066.964,12310.612,12561.462,12813.144,13069.856,13326.313,13588.594,13862.23,14130.472,14393.058,14662.043,14935.156,15205.035,15466.371,15725.57,15975.818,16227.143,16473.158,16713.569,16944.845,17175.503,17397.316,17622.076,17834.598,18042.282,18243.51
STP,60.426,61.321,62.202,62.984,63.67,64.304,64.908,65.543,66.199,66.916,67.666,68.358,69.055,69.75,70.473,71.258,72.102,73.049,74.143,75.387,76.779,78.474,80.186,81.896,83.7,85.644,87.772,90.073,92.529,95.059,97.446,99.642,101.588,103.428,105.333,107.455,109.861,112.439,115.4,118.477,121.481,124.479,126.914,129.306,131.628,133.837,135.953,137.971,139.872,141.63,143.254,144.783,147.967,151.876,155.752,159.658,163.621,167.655,171.744,175.842,179.865,183.739,187.56,191.318,194.977,198.557,202.025,205.352,208.589,211.785,214.999,219.87,224.052,228.558,233.185,237.888,242.62,247.367,252.209,257.113,262.081,267.048,272.092,277.196,282.337,287.502,292.674,297.872,303.016,308.172,313.299,318.385,323.392,328.403,333.431,338.426,343.426,348.349,353.182,357.982,362.74
SUR,193.525,197.604,203.402,209.302,215.422,221.823,228.567,235.716,243.253,251.215,259.556,268.28,277.301,290.523,303.545,314.536,325.465,336.805,348.553,360.679,373.132,385.752,398.112,396.713,394.832,392.521,389.819,386.759,383.374,379.63,375.574,375.18,375.737,377.373,380.119,384.268,389.676,394.984,398.837,405.617,411.2,413.785,416.241,418.938,419.766,424.984,434.227,443.433,452.702,462.109,471.724,481.562,491.557,501.546,511.283,516.563,522.062,527.932,534.1,540.391,546.745,553.101,559.436,565.83,572.21,578.536,584.718,590.796,596.63,602.395,609.141,615.492,620.3,626.028,631.744,637.118,642.582,647.931,653.201,658.363,663.224,668.079,672.764,677.385,681.752,686.073,690.308,694.387,698.036,701.788,705.355,708.965,712.281,715.528,718.476,721.376,724.137,726.508,728.96,731.121,732.936
SVK,3438.386,3493.108,3557.644,3626.075,3694.083,3761.982,3832.724,3903.815,3969.85,4035.541,4093.807,4155.077,4215.607,4255.973,4300.952,4345.632,4384.463,4419.941,4452.267,4480.613,4509.463,4542.279,4578.557,4621.042,4666.311,4714.979,4763.352,4813.667,4861.757,4909.698,4957.195,4996.116,5033.801,5069.814,5103.077,5135.696,5166.636,5193.541,5218.219,5241.134,5258.729,5273.427,5296.321,5316.551,5336.169,5350.293,5358.271,5366.586,5372.973,5376.619,5379.589,5380.409,5378.465,5376.91,5375.482,5376.595,5376.795,5376.897,5377.101,5381.14,5389.005,5394.697,5401.52,5408.222,5412.621,5417.84,5422.716,5431.802,5439.599,5446.865,5454.386,5455.661,5429.857,5516.536,5519.573,5493.946,5455.816,5446.868,5436.022,5423.57,5409.302,5393.483,5376.301,5357.958,5338.473,5318.087,5296.599,5274.361,5251.494,5228.051,5204.198,5179.822,5155.117,5130.255,5105.031,5079.638,5054.201,5028.55,5002.68,4976.561,4949.954
SVN,1438.26,1454.455,1470.999,1488.325,1506.781,1524.415,1540.844,1556.685,1571.612,1585.47,1598.752,1611.396,1625.723,1640.439,1654.434,1668.258,1682.377,1696.894,1710.845,1723.006,1734.36,1745.362,1760.06,1776.374,1792.769,1809.304,1825.892,1842.822,1859.82,1877.216,1894.596,1911.542,1917.643,1918.307,1928.402,1937.01,1945.933,1983.738,1992.303,1994.73,1996.187,1999.827,1998.559,1993.158,1988.463,1988.061,1988.129,1985.457,1983.338,1976.791,1985.597,1988.035,1991.323,1991.82,1993.16,1993.93,1999.897,2006.331,2021.984,2028.187,2043.029,2046.195,2051.413,2055.229,2057.654,2059.147,2060.747,2061.999,2062.821,2076.14,2090.739,2114.1,2112.888,2117.568,2119.224,2118.169,2115.975,2113.172,2109.913,2105.75,2101.31,2096.602,2091.553,2086.552,2081.4,2076.46,2071.211,2065.736,2059.975,2054.791,2049.372,2044.155,2038.475,2032.333,2026.055,2019.575,2012.99,2006.4,1999.569,1992.789,1985.456
SWE,6986.151,7046.98,7098.781,7150.562,7192.289,7234.626,7290.033,7341.002,7392.76,7435.938,7471.18,7498.013,7541.984,7581.045,7627.352,7695.03,7770.985,7840.2,7892.609,7931.647,8004.376,8081.185,8115.019,8129.831,8144.508,8176.77,8208.512,8236.277,8267.114,8284.462,8303.034,8317.903,8323.013,8327.353,8330.476,8342.497,8357.99,8381.377,8413.919,8458.775,8526.857,8590.278,8643.64,8691.507,8744.565,8815.815,8836.789,8843.866,8847.182,8854.035,8861.338,8882.864,8909.179,8940.914,8975.948,9011.669,9047.872,9113.374,9183.175,9256.625,9340.855,9415.609,9482.909,9556.064,9645.176,9747.691,9851.272,9995.288,10120.435,10230.374,10327.876,10379.497,10452.766,10521.91,10581.078,10632.92,10680.346,10721.747,10760.754,10795.874,10827.522,10856.099,10881.488,10906.824,10931.035,10953.723,10976.232,10999.142,11020.785,11043.188,11066.389,11090.815,11114.448,11140.387,11165.885,11190.945,11214.799,11237.73,11259.714,11280.582,11300.115
SWZ,268.201,275.109,282.1,289.16,296.315,303.544,310.891,318.336,325.909,333.612,341.406,349.268,357.26,365.471,374.047,383.264,393.407,404.125,413.936,424.357,435.392,447.039,459.326,472.249,485.827,500.148,515.197,531.463,549.234,567.657,586.741,606.548,627.069,648.235,669.679,691.886,720.506,748.958,778.663,820.933,854.667,890.19,926.189,960.643,981.994,960.431,980.436,999.247,1014.023,1025.282,1036.282,1046.545,1055.584,1063.299,1070.101,1076.216,1081.827,1087.045,1094.365,1101.818,1108.489,1114.811,1120.856,1126.871,1133.109,1139.489,1146.136,1152.879,1163.51,1174.349,1185.399,1200.06,1213.127,1224.706,1236.306,1249.337,1263.011,1276.706,1289.738,1302.197,1314.502,1327.335,1339.006,1350.787,1362.701,1374.017,1384.819,1395.491,1405.399,1415.603,1425.299,1434.263,1443.824,1452.396,1460.503,1468.236,1476.038,1483.184,1489.804,1496.241,1502.628
SXM,1.398,1.502,1.604,1.691,1.785,1.884,2.013,2.141,2.291,2.441,2.6,2.829,3.11,3.418,3.75,4.095,4.47,4.858,5.283,5.718,6.178,6.65,7.126,7.635,8.198,8.787,9.4,10.031,10.698,11.379,12.067,12.753,13.851,15.362,16.904,18.484,20.098,21.763,23.472,25.241,27.097,29.025,31.066,32.069,31.982,31.852,31.692,31.503,31.304,31.082,30.871,30.676,30.776,31.145,31.509,31.871,32.244,32.613,32.968,33.322,33.66,33.929,34.605,35.44,36.268,37.075,37.868,38.63,39.363,40.061,40.708,41.307,41.835,42.442,43.056,43.645,44.201,44.693,45.194,45.658,46.118,46.543,46.947,47.353,47.708,48.067,48.419,48.751,49.057,49.348,49.598,49.861,50.069,50.224,50.396,50.546,50.698,50.837,50.954,51.027,51.005
SYC,38.038,38.53,38.836,39.141,39.484,39.877,40.326,40.874,41.482,42.116,42.811,43.649,44.568,45.558,46.592,47.688,48.852,50.059,51.276,52.493,53.67,54.834,56.187,57.591,59.01,60.469,61.966,63.52,64.688,65.285,65.921,66.6,67.299,68.002,68.718,69.448,70.197,70.932,71.743,72.678,73.557,74.409,75.224,76.01,76.808,77.715,78.536,79.228,80.073,81.372,82.67,83.966,85.245,86.469,87.599,88.712,89.82,90.926,92.01,93.085,94.171,95.771,98.277,100.809,103.376,105.933,108.526,111.116,113.737,116.343,118.958,121.624,124.351,126.694,129.207,131.63,133.927,135.991,137.804,139.237,140.207,140.592,140.964,141.273,141.544,141.784,141.997,142.166,142.31,142.41,142.499,142.589,142.614,142.626,142.61,142.554,142.494,142.378,142.234,142.067,141.854
SYR,3577.704,3646.457,3723.273,3807.213,3898.446,3997.295,4103.883,4217.382,4338.099,4465.886,4601.653,4745.347,4885.584,5033.096,5187.838,5350.337,5520.197,5697.896,5882.5,6074.983,6275.348,6485.87,6710.318,6941.729,7178.913,7425.407,7683.322,7951.319,8229.683,8515.835,8807.984,9107.341,9413.037,9731.985,10077.634,10439.163,10812.18,11193.507,11584.339,11980.189,12377.931,12780.484,13181.158,13589.984,14001.389,14415.776,14817.826,15218.383,15616.702,16024.124,16431.999,16843.777,17258.898,17677.765,18100.826,18572.923,19055.259,20218.786,21549.465,21723.663,22230.276,22734.565,23021.631,22497.894,20835.941,19711.377,19137.859,19249.808,19199.528,19956.162,20750.906,21347.952,21909.727,23014.618,24174.628,25170.891,26069.962,26875.032,27648.045,28365.057,29073.552,29717.528,30342.106,30925.196,31499.744,32036.518,32553.069,33023.22,33493.586,33927.843,34334.623,34731.747,35102.12,35457.601,35789.056,36099.724,36430.848,36735.677,37021.598,37320.446,37634.934
TCA,5.015,5.062,5.042,4.99,4.981,5.075,5.194,5.307,5.409,5.482,5.586,5.613,5.63,5.641,5.653,5.662,5.654,5.653,5.662,5.65,5.655,5.678,5.83,6.0,6.179,6.367,6.559,6.761,6.967,7.2,7.412,7.715,8.101,8.492,8.901,9.314,9.729,10.154,10.569,10.982,11.404,11.971,12.638,13.301,13.994,14.693,15.41,16.121,16.843,17.582,18.336,19.123,20.03,21.164,22.291,23.421,24.554,25.693,26.846,28.009,29.168,30.31,31.382,32.872,34.434,35.666,37.544,39.086,40.739,42.378,43.953,44.818,45.669,46.026,46.37,46.699,47.01,47.286,47.57,47.862,48.126,48.39,48.65,48.902,49.153,49.373,49.615,49.83,50.02,50.2,50.368,50.481,50.597,50.726,50.83,50.893,50.96,50.987,51.016,51.022,51.001
TCD,2503.092,2547.815,2592.998,2639.627,2687.914,2738.095,2790.403,2844.909,2901.257,2959.477,3019.167,3080.508,3143.385,3207.811,3273.998,3340.96,3407.481,3474.326,3542.699,3613.763,3688.464,3767.192,3847.441,3939.063,4032.754,4123.959,4210.509,4292.084,4371.25,4451.482,4559.286,4471.619,4570.3,4906.666,5051.594,5038.695,5153.842,5348.296,5528.322,5722.883,5916.289,6049.377,6361.976,6587.336,6670.956,6895.944,7282.184,7538.032,7802.7,8074.98,8370.43,8653.756,8954.492,9277.893,9697.773,10142.299,10513.884,10898.964,11264.357,11688.234,12099.273,12525.877,12984.117,13437.879,13944.28,14433.077,14862.165,15367.145,15878.373,16434.688,16935.758,17513.6,18142.947,18767.684,19870.444,20727.802,21279.608,21841.152,22509.599,23185.9,23866.179,24548.779,25245.7,25946.763,26648.918,27345.897,28048.661,28772.348,29493.595,30219.316,30950.097,31664.587,32405.662,33149.684,33900.805,34643.837,35408.949,36167.185,36926.654,37708.286,38469.565
TGO,1387.394,1411.805,1436.989,1462.858,1489.284,1516.237,1543.655,1571.616,1600.14,1629.13,1658.385,1687.835,1717.599,1748.32,1781.823,1825.058,1882.484,1954.542,2037.238,2123.213,2206.415,2283.132,2352.82,2417.169,2480.329,2543.192,2606.053,2669.538,2734.251,2802.044,2877.664,2964.123,3061.962,3168.122,3277.676,3387.998,3494.185,3601.719,3713.298,3826.186,3940.636,4056.886,4174.235,4292.999,4121.908,4323.971,4497.693,4658.027,4792.033,4929.792,5070.746,5209.327,5345.437,5481.11,5623.223,5769.793,5919.469,6101.868,6274.82,6462.804,6640.927,6824.253,7008.695,7192.777,7378.107,7566.794,7759.597,7956.981,8157.298,8360.258,8565.878,8773.563,8983.194,9196.283,9412.392,9618.079,9825.136,10036.701,10249.292,10463.699,10681.222,10904.772,11132.3,11361.222,11590.742,11820.911,12054.457,12286.559,12522.135,12760.138,13002.415,13240.288,13483.232,13726.721,13975.683,14223.616,14471.407,14719.092,14964.248,15211.86,15463.023
THA,20167.324,20689.48,21240.885,21814.278,22404.369,23022.306,23664.056,24330.473,25019.187,25714.823,26461.202,27242.292,28058.375,28903.705,29780.939,30683.342,31615.331,32556.811,33518.791,34486.33,35461.234,36447.582,37427.192,38440.667,39454.906,40450.877,41429.132,42363.876,43324.073,44253.878,45182.99,46117.053,47034.658,47954.496,48892.122,49811.294,50730.211,51625.456,52522.755,53416.435,54281.477,55195.181,56079.687,56977.982,57838.415,58683.293,59513.172,60326.956,61122.213,61923.048,62675.039,63340.591,63961.692,64571.181,65165.152,65738.942,66295.897,66839.477,67365.312,67874.349,68367.811,68791.084,69223.332,69648.864,70041.365,70391.368,70690.223,71029.46,71290.914,71461.243,71583.299,71699.668,71754.996,71715.662,71689.208,71646.814,71592.912,71526.317,71449.996,71363.992,71268.393,71161.651,71046.391,70918.187,70777.719,70625.588,70456.181,70276.807,70083.266,69874.807,69653.059,69416.945,69159.998,68890.703,68605.463,68307.597,67992.708,67661.914,67316.802,66956.674,66577.96
TJK,1497.507,1559.109,1617.566,1673.6,1728.485,1782.89,1837.587,1893.292,1950.954,2012.371,2078.196,2146.067,2217.542,2292.511,2370.961,2451.56,2534.436,2619.932,2708.328,2799.368,2891.177,2982.381,3075.293,3172.09,3272.49,3376.507,3484.344,3595.808,3710.722,3826.294,3939.088,4051.423,4166.621,4287.72,4414.029,4546.023,4691.984,4852.294,5025.824,5204.153,5330.346,5467.19,5615.22,5683.58,5766.407,5884.329,6012.84,6120.205,6159.453,6193.341,6223.399,6346.072,6468.682,6594.656,6722.494,6858.599,6990.84,7124.293,7264.662,7412.144,7568.316,7735.965,7913.606,8114.562,8318.885,8532.219,8755.461,8975.801,9196.091,9418.575,9641.357,9857.264,10076.553,10287.891,10491.706,10690.149,10883.318,11073.879,11262.9,11450.943,11639.629,11826.507,12014.439,12205.863,12398.707,12595.072,12796.097,13002.09,13206.595,13409.886,13612.85,13815.044,14015.348,14214.926,14408.284,14601.453,14788.27,14970.506,15149.232,15323.963,15492.103
TKL,1.614,1.57,1.554,1.573,1.579,1.593,1.593,1.615,1.658,1.705,1.754,1.814,1.863,1.876,1.888,1.897,1.9,1.896,1.851,1.803,1.75,1.691,1.64,1.641,1.644,1.639,1.638,1.647,1.658,1.667,1.665,1.663,1.664,1.668,1.71,1.744,1.778,1.786,1.77,1.762,1.764,1.769,1.778,1.778,1.772,1.771,1.771,1.771,1.792,1.81,1.833,1.856,1.872,1.807,1.741,1.669,1.592,1.546,1.558,1.567,1.581,1.588,1.609,1.709,1.742,1.714,1.682,1.672,1.811,1.944,2.084,2.172,2.238,2.342,2.453,2.56,2.656,2.726,2.805,2.882,2.955,3.015,3.091,3.152,3.203,3.254,3.305,3.362,3.412,3.453,3.494,3.53,3.564,3.605,3.635,3.674,3.705,3.737,3.753,3.785,3.81
TKM,1257.18,1281.18,1306.971,1334.099,1365.254,1399.466,1436.861,1477.551,1521.565,1568.81,1618.031,1668.882,1721.919,1776.508,1832.036,1887.958,1943.873,1999.601,2055.206,2110.932,2167.116,2224.116,2282.123,2340.737,2401.102,2462.953,2526.186,2590.857,2657.04,2725.136,2795.581,2868.825,2945.549,3025.566,3109.502,3198.657,3296.41,3399.207,3506.254,3612.471,3712.448,3808.676,3903.111,3986.266,4078.549,4154.775,4227.632,4300.006,4373.454,4447.559,4536.781,4628.573,4722.246,4816.684,4911.047,5005.139,5099.375,5194.836,5293.256,5396.802,5506.382,5622.33,5744.504,5872.587,6006.095,6144.471,6287.069,6433.013,6581.109,6729.939,6877.95,7021.874,7162.213,7298.173,7430.703,7558.294,7679.401,7793.862,7901.246,8001.329,8093.539,8177.919,8259.998,8340.508,8420.193,8499.263,8578.074,8657.044,8735.85,8814.55,8893.128,8971.335,9049.208,9126.116,9201.986,9276.552,9349.091,9419.272,9486.502,9550.605,9611.198
TLS,413.233,416.291,420.23,424.614,429.362,434.452,439.848,445.55,451.572,457.924,464.613,471.624,478.959,486.588,494.54,502.777,511.292,520.1,529.195,538.555,548.156,557.983,567.95,577.975,587.734,593.919,602.397,612.842,623.788,633.763,643.675,656.068,664.918,673.38,682.033,691.521,701.809,712.561,724.392,737.097,752.616,768.073,788.483,810.153,832.72,856.266,880.027,904.536,929.833,955.228,714.166,776.01,848.488,909.829,923.926,934.222,962.399,990.795,1018.983,1045.876,1071.688,1097.671,1122.744,1147.026,1170.364,1193.443,1216.82,1239.803,1263.603,1288.315,1313.574,1338.533,1361.744,1376.847,1391.725,1409.551,1427.484,1446.362,1466.306,1487.381,1508.837,1530.772,1550.54,1568.873,1587.36,1607.528,1630.068,1649.371,1669.289,1688.617,1709.157,1727.342,1745.601,1766.083,1786.047,1801.463,1817.803,1833.287,1849.822,1866.792,1880.897
TON,49.041,50.278,51.624,53.092,54.67,56.361,58.152,60.045,61.716,63.455,65.244,67.096,68.978,70.902,72.868,74.889,76.96,79.045,80.582,82.123,83.646,85.157,86.635,88.077,89.532,91.835,94.2,96.45,97.0,97.409,97.68,97.859,97.958,98.001,97.995,97.984,97.983,98.037,98.714,99.224,99.582,99.817,99.974,100.071,100.135,100.197,100.252,100.299,101.048,101.727,102.365,102.99,103.587,104.16,104.768,105.374,105.968,106.538,106.914,107.126,107.279,107.52,107.619,107.3,106.855,106.363,105.827,105.221,105.49,105.643,105.696,105.711,105.268,104.816,104.379,103.972,103.512,103.07,102.722,102.408,102.154,101.99,101.859,101.817,101.797,101.806,101.853,101.933,102.061,102.288,102.455,102.675,102.92,103.163,103.444,103.778,104.083,104.385,104.619,104.868,105.077
TTO,640.492,657.056,674.404,692.459,711.26,731.05,751.418,771.956,793.046,814.632,835.403,854.484,871.803,888.586,905.023,920.903,935.947,949.926,962.91,975.102,986.31,996.631,1008.539,1021.303,1034.4,1047.121,1059.818,1072.803,1086.306,1100.455,1114.824,1128.664,1141.601,1154.253,1166.814,1179.153,1195.578,1210.671,1224.057,1236.08,1247.119,1257.298,1267.045,1276.302,1284.631,1292.052,1298.287,1303.568,1308.105,1312.344,1317.073,1322.476,1328.658,1335.363,1342.056,1348.704,1355.365,1362.031,1368.722,1375.447,1382.665,1390.643,1399.323,1408.295,1417.011,1425.252,1433.125,1440.927,1449.594,1491.443,1478.345,1483.702,1491.733,1500.11,1505.755,1509.808,1512.502,1514.034,1514.538,1514.212,1513.134,1511.509,1509.358,1506.627,1503.494,1499.871,1495.84,1491.41,1486.595,1481.443,1475.884,1470.003,1463.771,1457.244,1450.384,1443.281,1435.889,1428.301,1420.428,1412.355,1404.04
TUN,3573.092,3644.879,3719.321,3797.049,3877.749,3961.301,4048.957,4116.245,4156.968,4198.466,4243.344,4291.231,4341.324,4396.949,4457.313,4522.426,4600.344,4704.23,4817.709,4942.088,5067.306,5195.487,5327.828,5465.286,5609.198,5760.15,5918.374,6075.614,6236.247,6382.533,6530.305,6682.085,6834.484,6982.801,7124.799,7315.29,7504.516,7696.087,7883.887,8064.994,8238.326,8410.692,8592.962,8772.061,8943.759,9093.137,9229.38,9359.484,9483.055,9600.279,9711.648,9818.223,9921.132,10021.899,10121.365,10210.961,10299.984,10392.836,10490.569,10594.701,10706.66,10825.3,10946.771,11072.522,11210.199,11338.377,11466.151,11591.196,11709.801,11821.228,11928.934,12019.18,12078.065,12160.602,12240.26,12313.958,12383.188,12447.089,12505.106,12558.878,12606.538,12649.746,12690.096,12728.202,12764.856,12797.164,12827.373,12857.609,12886.512,12913.865,12940.746,12966.983,12992.403,13018.069,13042.537,13065.666,13086.512,13104.977,13121.467,13133.862,13142.428
TUR,20715.337,21326.942,21960.819,22619.365,23297.731,23974.487,24646.534,25468.669,26293.159,27116.765,27935.918,28723.879,29514.597,30317.697,31135.985,31950.16,32740.28,33615.064,34485.779,35357.589,36217.959,37058.97,37978.252,38882.19,39776.876,40643.591,41462.662,42337.307,43209.289,44081.323,44939.536,45878.095,46764.286,47879.906,49014.915,50133.224,51241.006,52314.538,53372.802,54446.451,55506.995,56524.26,57495.515,58484.72,59513.614,60554.057,61494.948,62407.319,63298.613,64170.153,65013.692,65838.231,66652.025,67445.566,68217.893,68967.341,69691.772,70398.927,71102.245,72022.432,72907.264,73786.274,74644.132,75750.265,77055.797,79016.511,81011.941,82292.236,83875.088,84956.849,85758.495,86424.888,86947.617,87169.328,87371.675,87575.935,87794.917,88057.247,88339.651,88621.127,88889.748,89165.335,89420.628,89656.094,89881.582,90089.245,90287.869,90481.159,90658.851,90811.765,90950.741,91068.62,91171.256,91261.861,91327.513,91379.104,91405.966,91431.523,91423.011,91385.319,91311.298
TUV,4.658,4.871,4.98,5.119,5.231,5.307,5.364,5.414,5.463,5.531,5.574,5.623,5.673,5.726,5.776,5.728,5.703,5.668,5.637,5.61,5.652,5.674,5.696,5.689,5.674,5.97,6.263,6.546,6.825,7.09,7.277,7.455,7.597,7.73,7.848,7.956,8.137,8.298,8.444,8.592,8.733,8.863,8.993,9.083,9.168,9.247,9.312,9.372,9.429,9.473,9.519,9.569,9.604,9.641,9.75,9.882,9.997,10.114,10.25,10.392,10.531,10.697,10.862,11.007,10.994,10.974,10.952,10.907,10.831,10.67,10.492,10.307,10.08,9.904,9.727,9.564,9.42,9.304,9.209,9.133,9.073,9.022,8.998,8.978,8.969,8.976,8.985,9.0,9.028,9.068,9.119,9.161,9.213,9.279,9.345,9.408,9.469,9.536,9.614,9.681,9.748
TWN,7468.442,7724.618,8000.974,8297.006,8605.735,8929.812,9278.456,9652.963,10048.088,10444.225,10844.126,11248.391,11658.609,12074.734,12496.71,12916.639,13332.966,13742.447,14060.493,14370.676,14676.513,14954.976,15287.298,15613.926,15931.467,16233.183,16497.352,16845.646,17194.549,17552.906,17918.655,18254.386,18571.269,18876.702,19168.547,19444.978,19698.396,19913.563,20118.074,20329.221,20508.591,20681.221,20882.279,21081.897,21267.467,21446.813,21622.177,21796.376,21974.281,22124.171,22283.391,22382.348,22510.167,22623.636,22704.613,22786.249,22863.614,22965.654,23048.194,23124.284,23204.438,23243.66,23302.493,23389.429,23444.32,23501.311,23557.197,23615.088,23650.808,23667.802,23680.473,23646.445,23470.22,23370.002,23264.288,23163.636,23061.95,22960.635,22856.043,22751.547,22645.122,22534.778,22419.604,22301.478,22179.706,22050.948,21918.496,21781.407,21637.366,21489.819,21336.384,21177.884,21013.581,20843.712,20669.345,20491.723,20306.656,20121.176,19928.891,19735.092,19535.308
TZA,7533.316,7716.994,7908.956,8109.202,8317.025,8532.546,8757.178,8992.382,9239.197,9495.991,9762.538,10040.3,10335.472,10640.041,10959.015,11296.637,11644.819,12010.099,12390.119,12814.034,13259.366,13725.989,14216.912,14741.705,15278.496,15844.764,16431.957,17040.464,17665.395,18287.737,18896.339,19483.2,20086.207,20710.934,21448.814,22109.317,22894.068,23623.85,24436.907,25102.466,25775.052,26445.361,27115.511,27799.664,28865.719,30018.993,30748.001,31143.523,32012.655,32828.261,33772.4,34747.877,35648.721,36593.886,37585.224,38634.113,39730.039,40859.766,42011.259,43130.197,44137.766,45379.209,46679.525,48068.996,49579.261,51123.762,52918.162,54729.864,56575.916,58298.373,60051.409,61894.186,63766.638,65657.004,67578.209,69542.105,71549.625,73577.936,75631.68,77709.303,79837.087,81989.161,84186.715,86399.55,88641.436,90935.921,93246.937,95594.687,97956.866,100356.076,102778.984,105219.733,107677.227,110175.327,112692.261,115240.282,117810.664,120408.687,123033.368,125669.236,128293.576
UGA,5671.964,5829.863,5992.466,6161.614,6337.256,6519.5,6708.039,6902.879,7104.888,7314.626,7532.226,7749.72,7974.713,8209.749,8457.576,8715.15,8983.257,9262.472,9555.375,9861.89,10167.825,10475.382,10761.03,11010.562,11277.909,11571.783,11878.697,12195.892,12523.446,12860.78,13143.545,13407.937,13704.967,14042.295,14401.468,14813.887,15233.474,15701.684,16206.656,16734.31,17287.086,17852.709,18459.094,19110.97,19779.351,20438.251,20893.084,21570.015,22142.076,22889.537,23625.024,24375.276,25116.075,25949.665,26754.583,27554.447,28372.131,29215.876,30090.985,30988.12,31914.182,32867.421,33841.666,34833.209,35840.875,36950.202,38112.689,39485.615,40869.161,42262.501,43736.774,45177.531,46644.329,47981.11,49332.093,50698.092,52071.696,53451.243,54837.302,56227.814,57617.766,59008.113,60398.956,61779.156,63149.059,64518.678,65892.47,67254.996,68630.267,69994.148,71345.601,72695.236,74050.07,75409.938,76772.042,78127.0,79468.984,80809.366,82147.638,83476.551,84783.555
UKR,37063.068,37558.706,38056.789,38556.629,39055.545,39584.526,40134.896,40703.408,41294.137,41960.0,42528.539,43119.647,43679.886,44207.462,44717.283,45185.029,45588.755,46016.283,46415.692,46812.959,47139.553,47383.058,47763.517,48130.269,48423.973,48729.167,49001.291,49240.392,49432.57,49609.917,49832.845,50077.459,50301.104,50504.343,50769.716,51005.483,51212.058,51425.433,51606.032,51843.675,51991.96,52116.225,52225.696,52421.645,52278.606,51873.39,51457.688,50994.529,50579.24,50180.222,49772.671,49340.649,48873.062,48481.5,48148.772,47810.241,47360.871,47196.518,46929.078,46709.273,46538.189,46373.816,46241.891,46178.221,46075.318,45869.443,45700.349,45533.315,45338.768,45079.046,44835.87,44524.159,44073.121,38024.411,37441.26,38279.183,39681.57,39390.127,39100.29,38803.891,38504.928,38202.777,37898.477,37594.905,37289.273,36982.417,36673.878,36365.653,36053.7,35741.715,35426.806,35115.016,34800.143,34483.407,34164.855,33843.299,33517.591,33185.411,32850.248,32511.684,32165.338
URY,2224.133,2244.69,2268.146,2294.071,2322.028,2351.71,2382.357,2414.379,2447.162,2480.577,2513.713,2546.202,2577.887,2608.708,2638.824,2667.537,2694.802,2720.489,2744.065,2765.147,2782.8,2798.813,2814.111,2829.178,2845.089,2862.799,2881.841,2900.944,2917.979,2933.451,2946.355,2957.551,2968.941,2982.043,2995.514,3009.462,3024.612,3041.077,3058.716,3077.207,3095.302,3113.504,3131.203,3148.2,3164.491,3181.176,3197.704,3214.944,3231.746,3246.813,3261.218,3271.195,3277.308,3280.425,3281.947,3284.348,3287.194,3291.819,3298.486,3305.869,3314.313,3322.847,3330.802,3340.0,3350.674,3361.995,3374.039,3384.527,3392.348,3396.72,3397.691,3400.245,3393.144,3388.682,3387.479,3385.696,3383.68,3381.394,3379.087,3376.694,3374.161,3371.614,3368.944,3366.136,3363.161,3360.01,3356.554,3352.793,3348.671,3344.175,3339.156,3333.761,3327.831,3321.439,3314.428,3306.787,3298.564,3289.835,3280.473,3270.536,3259.966
USA,153067.374,155337.987,157624.659,159963.785,162372.846,164899.771,167500.278,170149.642,172848.811,175581.808,178709.721,181839.389,185139.581,188308.964,191341.489,194297.415,197010.133,199520.679,201879.144,204142.895,206457.17,209135.508,211717.355,213967.79,216045.312,218107.641,220150.961,222186.554,224332.284,226459.908,228690.259,231027.051,233376.184,235790.119,238182.611,240525.324,242855.563,245052.052,247270.53,249515.94,251834.166,254912.608,258030.237,261181.802,264084.66,266864.96,269546.629,272174.763,274761.262,277477.403,280093.565,282874.696,285684.581,288484.095,291332.104,294240.403,297192.924,300267.495,303420.956,306519.709,309527.2,312598.38,315611.776,318618.933,321602.585,324628.169,327624.824,330734.029,333675.29,336437.705,339142.428,339729.889,340592.993,342475.098,344479.572,346373.57,348178.045,349892.943,351563.767,353244.404,354856.131,356443.631,358001.8,359538.148,361049.869,362553.753,364015.679,365447.64,366857.1,368245.811,369567.825,370850.807,372088.149,373321.395,374479.96,375578.531,376634.414,377629.041,378606.493,379520.996,380412.816
UZB,6168.0,6311.809,6458.205,6614.843,6781.39,6958.226,7149.843,7354.235,7571.887,7806.437,8064.506,8353.712,8681.71,9027.026,9377.467,9737.755,10105.607,10472.981,10845.379,11218.931,11587.369,11937.906,12285.115,12645.098,13016.996,13401.025,13796.017,14201.223,14616.42,15016.277,15414.897,15824.976,16245.089,16680.383,17136.418,17621.274,18129.403,18661.839,19198.301,19722.96,20231.406,20698.506,21227.314,21742.867,22233.043,22693.539,23141.638,23562.324,23955.596,24314.262,24637.755,24936.354,25244.211,25555.748,25866.77,26191.93,26522.019,26876.068,27275.948,27713.601,28165.056,28605.957,29040.434,29483.372,29964.758,30481.229,31017.464,31551.672,32086.683,32660.298,33269.104,33903.64,34583.751,35294.16,36010.454,36713.264,37393.592,38054.853,38697.354,39324.625,39944.077,40552.406,41148.213,41736.269,42316.457,42890.04,43460.164,44028.608,44598.665,45173.069,45750.926,46337.378,46936.108,47543.964,48159.374,48781.876,49410.251,50038.534,50664.886,51286.979,51905.242
VAT,0.877,0.883,0.889,0.895,0.901,0.908,0.914,0.918,0.919,0.92,0.92,0.916,0.917,0.917,0.919,0.924,0.85,0.831,0.78,0.758,0.748,0.741,0.737,0.736,0.733,0.733,0.733,0.736,0.739,0.74,0.743,0.743,0.741,0.739,0.735,0.734,0.729,0.731,0.729,0.727,0.726,0.725,0.725,0.723,0.714,0.707,0.702,0.699,0.697,0.697,0.695,0.687,0.676,0.667,0.661,0.66,0.658,0.653,0.642,0.633,0.624,0.617,0.611,0.592,0.587,0.577,0.567,0.559,0.551,0.539,0.532,0.524,0.513,0.5,0.491,0.5,0.503,0.51,0.53,0.531,0.528,0.527,0.52,0.525,0.533,0.533,0.54,0.537,0.54,0.557,0.577,0.596,0.612,0.621,0.633,0.643,0.655,0.667,0.677,0.692,0.707
VCT,60.861,62.466,64.231,66.135,68.188,70.416,72.807,75.301,77.933,80.693,83.607,85.168,86.571,87.901,89.146,90.353,91.5,92.603,93.645,94.6,95.517,96.411,97.333,98.247,99.134,99.979,100.795,101.598,102.4,103.149,103.808,104.619,105.528,106.409,107.267,108.107,108.905,109.658,110.343,110.973,111.57,112.054,112.389,112.629,112.841,112.994,113.101,113.137,113.144,113.216,113.516,113.574,113.428,113.265,113.018,112.651,112.248,111.78,111.283,110.774,110.242,109.675,109.022,108.449,107.822,107.248,106.672,106.025,105.301,104.551,103.783,103.269,102.413,101.679,100.966,100.266,99.583,98.906,98.277,97.693,97.126,96.586,96.081,95.587,95.138,94.697,94.272,93.882,93.516,93.156,92.811,92.49,92.168,91.821,91.475,91.141,90.769,90.385,89.975,89.57,89.161
VEN,5368.326,5609.374,5855.832,6106.928,6362.607,6623.018,6888.608,7160.029,7438.866,7725.093,8013.353,8306.826,8605.005,8908.734,9219.307,9536.117,9859.463,10190.246,10526.779,10868.281,11212.279,11563.301,11918.716,12279.644,12647.43,13023.272,13408.512,13804.056,14209.568,14623.8,15045.304,15471.131,15903.463,16340.286,16784.124,17233.558,17689.31,18157.763,18632.163,19109.878,19587.963,20066.057,20543.735,21018.161,21490.88,21959.496,22428.145,22896.081,23367.29,23835.383,24297.804,24755.612,25204.231,25667.111,26118.296,26563.38,27008.227,27441.145,27857.581,28249.811,28626.785,28999.417,29371.006,29736.647,30087.749,30420.409,30727.535,30803.906,30326.741,29288.443,28587.753,28300.402,28175.25,28250.783,28350.925,28460.161,28573.631,28693.79,28823.344,28946.985,29081.904,29221.716,29369.782,29515.289,29658.915,29811.401,29955.258,30085.072,30208.025,30328.633,30443.949,30546.937,30633.468,30715.597,30783.74,30843.884,30899.09,30947.838,31000.9,31042.307,31077.605
VGB,7.347,7.396,7.39,7.371,7.411,7.479,7.51,7.559,7.623,7.744,7.883,8.018,8.051,8.089,8.138,8.199,8.315,8.511,8.782,9.218,9.848,10.018,10.172,10.297,10.438,10.55,10.662,10.756,10.843,10.928,11.002,11.257,11.7,12.142,12.597,13.043,13.495,13.956,14.433,14.926,15.434,15.975,16.399,16.788,17.191,17.621,18.058,18.515,18.996,19.48,19.981,20.502,21.09,21.769,22.498,23.263,24.067,24.919,25.812,26.764,27.671,27.68,29.74,30.95,32.457,33.467,35.528,32.228,33.17,36.144,36.645,37.624,37.995,38.643,39.327,39.615,39.849,40.023,40.197,40.38,40.521,40.662,40.752,40.866,40.953,41.038,41.106,41.194,41.154,41.209,41.208,41.193,41.198,41.148,41.099,41.016,40.925,40.821,40.7,40.6,40.433
VIR,26.658,27.504,27.985,28.405,28.894,29.422,29.893,30.371,30.852,31.404,31.976,34.069,36.797,39.833,43.041,46.637,50.133,53.398,56.421,59.237,61.837,65.876,69.944,73.883,77.555,81.046,84.176,87.229,90.203,93.027,95.838,97.297,98.219,99.064,99.828,100.503,101.094,101.565,101.889,102.005,101.851,102.764,103.91,104.927,105.829,106.634,107.308,107.88,108.294,108.55,108.606,108.551,108.5,108.335,108.005,107.664,107.549,107.351,107.107,106.813,106.705,105.917,104.864,103.732,102.583,101.416,99.079,96.495,93.74,90.863,87.882,87.531,86.915,86.099,85.303,84.507,83.77,83.031,82.357,81.722,81.14,80.564,79.985,79.452,78.93,78.39,77.845,77.332,76.806,76.318,75.819,75.318,74.864,74.39,73.953,73.486,73.02,72.596,72.17,71.776,71.407
VNM,24831.63,25369.846,25830.691,26457.144,27058.785,27797.032,28535.859,29308.76,30200.095,31116.798,32054.296,33009.57,33808.548,34768.571,35729.631,36673.496,37585.817,38463.855,39326.306,40142.912,41021.281,41929.178,42969.373,43888.964,44930.757,45896.318,47069.488,48300.373,49609.372,50889.733,51866.688,53113.515,54362.766,55659.812,57016.03,58396.103,59725.14,60968.956,62200.346,63486.109,64808.586,66200.519,67583.031,68937.644,70235.124,71473.658,72626.222,73686.671,74767.106,75832.215,76742.689,77565.332,78373.39,79171.058,79956.496,80721.447,81455.179,82880.614,84386.137,85965.438,86954.597,87955.706,88980.922,90039.789,91106.419,92252.737,93393.771,94606.462,95747.492,96727.147,97620.404,98537.978,99332.219,100029.091,100675.292,101300.081,101896.973,102457.889,102996.902,103514.586,104007.727,104502.078,104973.744,105435.056,105877.564,106317.477,106743.875,107147.808,107544.275,107919.767,108275.546,108599.723,108904.675,109175.946,109409.176,109603.352,109767.445,109887.872,109972.606,110015.443,110020.595
VUT,51.124,51.959,52.761,53.762,54.837,56.007,57.258,58.592,60.16,61.803,63.536,65.326,67.203,69.144,71.173,73.266,75.449,77.73,80.111,82.517,84.994,87.539,90.184,92.94,95.783,98.736,101.801,104.976,108.26,111.666,114.415,116.906,119.591,122.48,125.516,128.701,132.01,135.429,138.945,142.566,146.22,149.905,153.682,157.535,161.391,165.236,169.039,172.784,176.468,180.158,183.938,188.624,193.438,198.288,203.204,208.218,213.302,218.545,224.007,229.785,235.676,240.819,246.128,251.639,257.325,263.154,269.048,275.125,281.889,288.628,295.341,302.376,309.361,316.732,324.085,331.47,338.868,346.26,353.675,361.132,368.642,376.215,383.831,391.485,399.263,407.109,415.017,423.007,431.077,439.228,447.403,455.622,463.858,472.162,480.46,488.825,497.154,505.498,513.758,522.029,530.264
WLF,8.452,8.62,9.013,9.35,9.746,9.693,9.583,9.438,9.245,9.025,8.775,8.474,8.135,8.17,8.221,8.283,8.275,8.331,8.441,8.566,8.742,8.923,9.066,9.204,9.322,9.392,9.275,9.54,9.954,10.403,10.868,11.365,11.867,12.412,12.599,12.731,12.866,12.999,13.132,13.27,13.406,13.554,13.705,13.852,13.994,14.135,14.263,14.362,14.468,14.589,14.721,14.846,14.97,15.079,15.027,14.755,14.465,14.16,13.837,13.532,13.286,13.041,12.798,12.576,12.373,12.229,12.091,11.975,11.861,11.74,11.632,11.6,11.535,11.421,11.32,11.235,11.153,11.073,11.008,10.942,10.877,10.841,10.798,10.753,10.721,10.696,10.661,10.633,10.602,10.593,10.57,10.529,10.504,10.477,10.445,10.41,10.364,10.328,10.273,10.217,10.177
WSM,87.216,89.345,91.675,93.727,95.819,97.945,100.132,102.504,105.283,108.114,111.007,113.974,117.018,120.175,123.353,126.434,129.523,132.623,134.905,137.136,139.33,141.471,143.535,145.541,147.491,151.372,155.316,158.911,160.595,162.155,163.61,165.035,166.321,166.647,166.781,166.811,166.886,167.236,168.086,168.606,168.93,169.153,169.583,171.078,172.471,173.846,175.295,176.847,178.246,179.563,180.988,182.382,183.95,184.992,185.868,186.629,187.328,188.09,189.416,190.798,192.229,193.816,195.61,197.386,199.151,200.923,202.641,204.357,206.472,208.692,210.867,213.021,214.537,215.984,217.342,218.697,219.916,221.14,222.408,223.802,225.215,226.728,228.437,230.169,232.049,234.074,236.283,238.563,240.898,243.411,245.914,248.478,251.114,253.756,256.283,258.949,261.575,264.14,266.608,269.068,271.529
XKX,770.546,786.415,802.231,819.809,837.796,857.96,878.136,899.29,921.625,945.658,971.204,998.487,1024.355,1049.546,1075.929,1104.61,1135.726,1169.447,1205.887,1222.529,1240.391,1258.719,1287.322,1315.835,1346.517,1379.729,1415.643,1454.116,1494.798,1537.701,1581.873,1627.763,1665.368,1700.963,1737.528,1776.108,1815.929,1858.015,1903.165,1932.599,1960.079,1987.501,2023.223,2056.222,2089.105,2121.407,2153.62,2183.887,2210.681,1947.247,1795.8,1809.185,1830.833,1828.091,1824.777,1820.768,1815.941,1810.216,1803.973,1797.743,1791.62,1785.865,1798.033,1815.031,1819.303,1798.658,1759.382,1764.145,1772.093,1763.389,1746.695,1756.139,1726.752,1709.14,1690.921,1678.659,1669.591,1664.392,1661.794,1661.502,1661.087,1661.498,1662.758,1664.542,1666.254,1668.023,1669.359,1671.628,1672.995,1673.255,1673.834,1674.153,1673.063,1672.049,1670.552,1668.224,1664.888,1661.034,1657.09,1651.819,1646.613
YEM,4585.08,4648.48,4719.815,4796.529,4878.057,4964.212,5055.132,5151.067,5252.144,5359.323,5472.517,5592.084,5718.38,5846.062,5976.207,6119.804,6271.383,6431.606,6601.282,6779.765,6971.954,7158.604,7356.32,7563.815,7781.776,8011.789,8255.407,8512.819,8783.625,9069.547,9378.841,9707.874,10056.849,10425.164,10817.834,11233.361,11674.288,12127.793,12612.031,13107.385,13620.963,14154.76,14705.641,15273.347,15854.481,16443.813,17036.303,17590.051,18157.822,18734.203,19324.637,19923.644,20528.651,21141.521,21771.237,22419.098,23161.072,23925.093,24711.07,25512.811,26342.636,27166.138,27999.657,28867.638,29758.266,30694.352,31624.406,32593.614,33588.229,34582.135,35640.68,36629.047,37651.414,38794.337,39987.261,41179.068,42368.687,43554.619,44736.634,45910.75,47084.412,48250.911,49404.116,50554.096,51705.661,52854.342,54004.309,55151.8,56296.738,57447.592,58601.869,59761.183,60930.176,62105.776,63287.296,64473.076,65659.636,66847.558,68030.071,69211.66,70387.948
ZAF,12907.715,13169.267,13448.773,13742.313,14043.507,14364.051,14702.68,15058.693,15430.985,15809.851,16220.097,16660.246,17155.824,17681.221,18227.907,18794.816,19383.945,19996.228,20631.903,21282.671,21946.681,22613.287,23270.999,23947.913,24640.613,25337.604,26044.276,26746.624,27491.28,28247.735,29020.589,30017.126,31064.963,32165.714,33312.895,34472.681,35611.505,36749.525,37902.856,39058.441,40198.71,41293.825,42081.971,42805.047,43789.266,44219.013,44864.096,45381.94,45951.736,46496.025,46964.645,47354.792,47778.809,48260.021,48740.675,49242.166,49737.899,50258.655,50798.512,51430.685,52026.347,52661.755,53328.655,54236.478,55121.105,56068.572,57378.501,57140.601,58129.723,59096.278,60079.493,61045.269,61959.937,62796.883,63627.884,64386.489,65108.15,65798.019,66488.024,67172.745,67840.954,68481.764,69115.395,69737.482,70343.479,70939.665,71529.839,72102.918,72672.709,73226.524,73765.793,74305.454,74845.442,75378.359,75904.667,76424.253,76938.646,77460.449,77972.86,78457.785,78941.387
ZMB,2285.718,2356.887,2429.716,2504.787,2582.29,2662.264,2744.822,2829.999,2918.136,3009.598,3104.51,3202.948,3305.225,3410.973,3520.842,3633.191,3750.982,3873.023,3999.662,4131.523,4262.709,4380.728,4504.323,4634.294,4771.091,4914.401,5065.771,5221.914,5383.045,5547.703,5715.753,5889.913,6076.665,6280.609,6481.468,6679.513,6882.393,7090.55,7292.014,7490.866,7687.566,7884.772,8078.528,8274.832,8473.01,8679.528,8891.999,9116.107,9358.018,9606.799,9873.211,10162.052,10488.319,10807.579,11159.611,11516.785,11920.853,12338.253,12791.918,13250.73,13730.049,14201.139,14674.452,15152.806,15645.188,16145.442,16652.735,17176.111,17706.528,18240.61,18787.069,19331.721,19875.494,20430.382,21017.548,21612.363,22215.385,22828.446,23448.995,24073.751,24705.621,25344.181,25988.827,26635.076,27285.099,27938.161,28595.623,29254.595,29912.388,30568.744,31222.45,31878.354,32530.338,33182.868,33838.156,34493.711,35148.501,35803.119,36455.448,37109.084,37760.282
ZWE,2746.396,2835.415,2926.368,3019.438,3114.895,3212.871,3313.56,3417.51,3524.798,3635.564,3750.038,3868.739,3992.064,4119.854,4251.9,4388.111,4528.814,4673.619,4822.995,4977.886,5138.475,5293.361,5456.062,5628.828,5811.98,6004.677,6192.639,6381.571,6517.454,6569.696,6725.417,7357.189,7640.08,7952.912,8243.897,8539.079,8834.547,9130.609,9438.679,9727.508,10002.087,10272.476,10537.155,10868.244,10852.331,10893.966,11055.231,11261.488,11478.167,11710.427,11856.488,11927.622,12016.181,12159.125,12305.52,12426.272,12540.591,12732.299,12875.817,13042.482,13243.097,13469.998,13720.85,13914.924,14112.693,14302.024,14496.002,14704.586,14920.378,15148.526,15394.209,15659.568,15934.852,16203.259,16478.384,16790.361,17111.229,17435.931,17765.295,18098.722,18439.188,18781.509,19130.887,19491.824,19860.019,20222.227,20596.066,20961.24,21328.231,21697.585,22064.65,22435.569,22819.275,23182.513,23560.062,23921.193,24283.568,24641.387,24991.506,25345.314,25691.689
